KABUPATEN,KECAMATAN,KODE BPS,DESA,IKS,IKE,IKL,IDM,KATEGORI IDM,BINARY STATUS,matches
ACEH UTARA,SAWANG,1111010001,RISEH TUNONG,0.56,3667,3333,0.42,SANGAT TERTINGGAL,TERTINGGAL,"('SAWANG', 100)"
ACEH UTARA,SAWANG,1111010002,GUNCI,7029,4167,3333,4843,SANGAT TERTINGGAL,TERTINGGAL,"('SAWANG', 100)"
ACEH UTARA,SAWANG,1111010003,KUBU,6914,4667,4667,5416,TERTINGGAL,TERTINGGAL,"('SAWANG', 100)"
ACEH UTARA,SAWANG,1111010004,BLANG CUT,6514,3333,4667,4838,SANGAT TERTINGGAL,TERTINGGAL,"('SAWANG', 100)"
ACEH UTARA,SAWANG,1111010005,RISEH TEUNGOH,5714,0.45,5333,5183,TERTINGGAL,TERTINGGAL,"('SAWANG', 100)"
ACEH UTARA,SAWANG,1111010006,RISEH BAROH,5829,3833,6667,5443,TERTINGGAL,TERTINGGAL,"('SAWANG', 100)"
ACEH UTARA,SAWANG,1111010007,LHOK CUT,6914,3333,5333,5194,TERTINGGAL,TERTINGGAL,"('SAWANG', 100)"
ACEH UTARA,SAWANG,1111010008,SAWANG,7429,0.65,5333,6421,BERKEMBANG,MAJU,"('SAWANG', 100)"
ACEH UTARA,SAWANG,1111010009,BLANG TEURAKAN,6857,0.5,5333,573,TERTINGGAL,TERTINGGAL,"('SAWANG', 100)"
ACEH UTARA,SAWANG,1111010010,JURONG,6857,3167,6667,5563,TERTINGGAL,TERTINGGAL,"('SAWANG', 100)"
ACEH UTARA,SAWANG,1111010011,BLANG MANYAK,6514,0.35,6667,556,TERTINGGAL,TERTINGGAL,"('SAWANG', 100)"
ACEH UTARA,SAWANG,1111010012,LHOK JOK,0.68,4333,4667,5267,TERTINGGAL,TERTINGGAL,"('SAWANG', 100)"
ACEH UTARA,SAWANG,1111010013,BABAH KRUENG,7771,6833,3333,5979,TERTINGGAL,TERTINGGAL,"('SAWANG', 100)"
ACEH UTARA,SAWANG,1111010014,RAMBONG PAYONG,7257,4333,0.6,5863,TERTINGGAL,TERTINGGAL,"('SAWANG', 100)"
ACEH UTARA,SAWANG,1111010015,TEUPIN RUSEP,6629,3667,0.4,4765,SANGAT TERTINGGAL,TERTINGGAL,"('SAWANG', 100)"
ACEH UTARA,SAWANG,1111010016,LANCOK,5886,0.35,5333,4906,SANGAT TERTINGGAL,TERTINGGAL,"('SAWANG', 100)"
ACEH UTARA,SAWANG,1111010017,LHOK BAYU,0.6,4667,4667,5111,TERTINGGAL,TERTINGGAL,"('SAWANG', 100)"
ACEH UTARA,SAWANG,1111010018,PAYA RABO TIMU,6514,4333,0.6,5616,TERTINGGAL,TERTINGGAL,"('SAWANG', 100)"
ACEH UTARA,SAWANG,1111010019,PAYA RABO LHOK,0.68,0.5,0.6,5933,TERTINGGAL,TERTINGGAL,"('SAWANG', 100)"
ACEH UTARA,SAWANG,1111010020,KRUENG BARO,6229,0.4,0.4,4743,SANGAT TERTINGGAL,TERTINGGAL,"('SAWANG', 100)"
ACEH UTARA,SAWANG,1111010021,BLANG REULING,5714,4333,4667,4905,SANGAT TERTINGGAL,TERTINGGAL,"('SAWANG', 100)"
ACEH UTARA,SAWANG,1111010022,PUNTEUET,6629,3833,0.6,5487,TERTINGGAL,TERTINGGAL,"('SAWANG', 100)"
ACEH UTARA,SAWANG,1111010023,MEUNASAH PULO,7486,5667,0.6,6384,BERKEMBANG,MAJU,"('SAWANG', 100)"
ACEH UTARA,SAWANG,1111010024,LHOK KUYUN,0.72,4333,6667,6067,BERKEMBANG,MAJU,"('SAWANG', 100)"
ACEH UTARA,SAWANG,1111010025,LHOK GAJAH,6857,0.4,4667,5175,TERTINGGAL,TERTINGGAL,"('SAWANG', 100)"
ACEH UTARA,SAWANG,1111010026,PANTE JALOH,6629,0.5,0.4,521,TERTINGGAL,TERTINGGAL,"('SAWANG', 100)"
ACEH UTARA,SAWANG,1111010027,BABAH BULOH,7086,4333,6667,6029,BERKEMBANG,MAJU,"('SAWANG', 100)"
ACEH UTARA,SAWANG,1111010028,COT LAMBIDENG,0.6,2833,6667,5167,TERTINGGAL,TERTINGGAL,"('SAWANG', 100)"
ACEH UTARA,SAWANG,1111010029,GAMPONG TEUNGOH,7371,0.55,2667,5179,TERTINGGAL,TERTINGGAL,"('SAWANG', 100)"
ACEH UTARA,SAWANG,1111010030,PAYA GABOH,0.64,0.45,5333,5411,TERTINGGAL,TERTINGGAL,"('SAWANG', 100)"
ACEH UTARA,SAWANG,1111010031,KUTA MEULIGOE,6743,4167,6667,5859,TERTINGGAL,TERTINGGAL,"('SAWANG', 100)"
ACEH UTARA,SAWANG,1111010032,ABEUK REULING,6286,0.4,5333,5206,TERTINGGAL,TERTINGGAL,"('SAWANG', 100)"
ACEH UTARA,SAWANG,1111010034,ULEE GEUDONG,6857,5833,6667,6452,BERKEMBANG,MAJU,"('SAWANG', 100)"
ACEH UTARA,SAWANG,1111010035,TANJONG KEUMALA,5714,4167,0.6,5294,TERTINGGAL,TERTINGGAL,"('SAWANG', 100)"
ACEH UTARA,SAWANG,1111010036,LHOK KREK,5543,0.35,0.6,5014,TERTINGGAL,TERTINGGAL,"('SAWANG', 100)"
ACEH UTARA,SAWANG,1111010038,LAGANG,6686,3833,6667,5729,TERTINGGAL,TERTINGGAL,"('SAWANG', 100)"
ACEH UTARA,SAWANG,1111010039,LHOK MERBO,6286,4333,4667,5095,TERTINGGAL,TERTINGGAL,"('SAWANG', 100)"
ACEH UTARA,NISAM,1111020007,JEULIKAT,0.52,0.45,6667,5456,TERTINGGAL,TERTINGGAL,"('NISAM', 100)"
ACEH UTARA,NISAM,1111020008,MEUNASAH CUT,5257,0.45,5333,503,TERTINGGAL,TERTINGGAL,"('NISAM', 100)"
ACEH UTARA,NISAM,1111020009,ALUE BILI,6571,0.45,0.6,569,TERTINGGAL,TERTINGGAL,"('NISAM', 100)"
ACEH UTARA,NISAM,1111020010,COT MAMBONG,6743,0.45,0.6,5748,TERTINGGAL,TERTINGGAL,"('NISAM', 100)"
ACEH UTARA,NISAM,1111020011,BLANG DALAM TUNONG,6971,0.5,4667,5546,TERTINGGAL,TERTINGGAL,"('NISAM', 100)"
ACEH UTARA,NISAM,1111020012,BLANG DALAM BAROH,6286,0.5,6667,5984,TERTINGGAL,TERTINGGAL,"('NISAM', 100)"
ACEH UTARA,NISAM,1111020013,BLANG DALAM GEUNTENG,6914,0.45,0.6,5805,TERTINGGAL,TERTINGGAL,"('NISAM', 100)"
ACEH UTARA,NISAM,1111020014,TINGKEUM,6571,6667,6667,6635,BERKEMBANG,MAJU,"('NISAM', 100)"
ACEH UTARA,NISAM,1111020015,MEUNASAH RAYEUK,5771,4667,0.6,5479,TERTINGGAL,TERTINGGAL,"('NISAM', 100)"
ACEH UTARA,NISAM,1111020016,PEUNAYAN,6057,5333,0.6,5797,TERTINGGAL,TERTINGGAL,"('NISAM', 100)"
ACEH UTARA,NISAM,1111020017,PALOH MAMPREE,5429,5833,0.6,5754,TERTINGGAL,TERTINGGAL,"('NISAM', 100)"
ACEH UTARA,NISAM,1111020018,PANTON,5657,4333,6667,5552,TERTINGGAL,TERTINGGAL,"('NISAM', 100)"
ACEH UTARA,NISAM,1111020019,MEUNASAH ALUE,0.64,0.6,6667,6356,BERKEMBANG,MAJU,"('NISAM', 100)"
ACEH UTARA,NISAM,1111020022,PALOH MAMBU,6571,4167,6667,5802,TERTINGGAL,TERTINGGAL,"('NISAM', 100)"
ACEH UTARA,NISAM,1111020023,GAMPONG BARAT,6343,0.5,6667,6003,BERKEMBANG,MAJU,"('NISAM', 100)"
ACEH UTARA,NISAM,1111020024,MEUNASAH BEUNOT,6571,4667,6667,5968,TERTINGGAL,TERTINGGAL,"('NISAM', 100)"
ACEH UTARA,NISAM,1111020026,GAMPONG TEUNGOH,8171,5333,6667,6724,BERKEMBANG,MAJU,"('NISAM', 100)"
ACEH UTARA,NISAM,1111020028,COT EUNTUNG,6571,0.35,0.6,5357,TERTINGGAL,TERTINGGAL,"('NISAM', 100)"
ACEH UTARA,NISAM,1111020029,KEUTAPANG,0.68,5167,5333,5767,TERTINGGAL,TERTINGGAL,"('NISAM', 100)"
ACEH UTARA,NISAM,1111020030,BLANG CROK,6629,4167,5333,5376,TERTINGGAL,TERTINGGAL,"('NISAM', 100)"
ACEH UTARA,NISAM,1111020031,BINJEE,6229,4833,0.6,5687,TERTINGGAL,TERTINGGAL,"('NISAM', 100)"
ACEH UTARA,NISAM,1111020032,COT LEUPEE,0.6,5167,6667,5944,TERTINGGAL,TERTINGGAL,"('NISAM', 100)"
ACEH UTARA,NISAM,1111020033,MEUNASAH KRUENG,6286,4167,5333,5262,TERTINGGAL,TERTINGGAL,"('NISAM', 100)"
ACEH UTARA,NISAM,1111020034,ULEE BLANG,6629,3667,5333,521,TERTINGGAL,TERTINGGAL,"('NISAM', 100)"
ACEH UTARA,NISAM,1111020035,SEUNEUBOK,6057,5167,0.6,5741,TERTINGGAL,TERTINGGAL,"('NISAM', 100)"
ACEH UTARA,NISAM,1111020036,BLANG KARIENG,0.76,0.55,0.6,6367,BERKEMBANG,MAJU,"('NISAM', 100)"
ACEH UTARA,NISAM,1111020037,PALOH KAYEE KUNYET,6114,5167,0.6,576,TERTINGGAL,TERTINGGAL,"('NISAM', 100)"
ACEH UTARA,NISAM ANTARA,1111021001,ALUE DUA,5771,5333,3333,4813,SANGAT TERTINGGAL,TERTINGGAL,"('NISAM ANTARA', 100)"
ACEH UTARA,NISAM ANTARA,1111021002,ALUE PAPEUN,5543,0.5,3333,4625,SANGAT TERTINGGAL,TERTINGGAL,"('NISAM ANTARA', 100)"
ACEH UTARA,NISAM ANTARA,1111021003,BLANG JRAT,6514,3333,4667,4838,SANGAT TERTINGGAL,TERTINGGAL,"('NISAM ANTARA', 100)"
ACEH UTARA,NISAM ANTARA,1111021004,BLANG POHROH,4914,2667,0.6,4527,SANGAT TERTINGGAL,TERTINGGAL,"('NISAM ANTARA', 100)"
ACEH UTARA,NISAM ANTARA,1111021005,DARUSSALAM,5714,0.4,4667,4794,SANGAT TERTINGGAL,TERTINGGAL,"('NISAM ANTARA', 100)"
ACEH UTARA,NISAM ANTARA,1111021006,SEUMIRAH,4514,4167,0.6,4894,SANGAT TERTINGGAL,TERTINGGAL,"('NISAM ANTARA', 100)"
ACEH UTARA,BANDA BARO,1111022001,JAMUAN,6514,0.55,4667,556,TERTINGGAL,TERTINGGAL,"('BANDA BARO', 100)"
ACEH UTARA,BANDA BARO,1111022003,BLANG PALA,8514,0.65,5333,6783,BERKEMBANG,MAJU,"('BANDA BARO', 100)"
ACEH UTARA,BANDA BARO,1111022004,SANGKELAN,6229,3667,0.8,5965,TERTINGGAL,TERTINGGAL,"('BANDA BARO', 100)"
ACEH UTARA,BANDA BARO,1111022005,ULEE NYEUE,6971,5833,0.8,6935,BERKEMBANG,MAJU,"('BANDA BARO', 100)"
ACEH UTARA,BANDA BARO,1111022006,PAYA ULEUE,6057,0.4,5333,513,TERTINGGAL,TERTINGGAL,"('BANDA BARO', 100)"
ACEH UTARA,BANDA BARO,1111022007,COT JABET,6743,3833,5333,5303,TERTINGGAL,TERTINGGAL,"('BANDA BARO', 100)"
ACEH UTARA,BANDA BARO,1111022008,PAYA DUA,6743,4833,7333,6303,BERKEMBANG,MAJU,"('BANDA BARO', 100)"
ACEH UTARA,KUTA MAKMUR,1111030001,SIDO MULIYO,6457,4333,3333,4708,SANGAT TERTINGGAL,TERTINGGAL,"('KUTA MAKMUR', 100)"
ACEH UTARA,KUTA MAKMUR,1111030013,MEUNYE CUT BAHAGIA,6629,0.6,7333,6654,BERKEMBANG,MAJU,"('KUTA MAKMUR', 100)"
ACEH UTARA,KUTA MAKMUR,1111030014,COT MERBO,0.64,4167,4667,5078,TERTINGGAL,TERTINGGAL,"('KUTA MAKMUR', 100)"
ACEH UTARA,KUTA MAKMUR,1111030015,PANTON RAYEUK I,6286,4333,0.6,554,TERTINGGAL,TERTINGGAL,"('KUTA MAKMUR', 100)"
ACEH UTARA,KUTA MAKMUR,1111030016,BLANG TALON,7486,5333,0.8,694,BERKEMBANG,MAJU,"('KUTA MAKMUR', 100)"
ACEH UTARA,KUTA MAKMUR,1111030018,LHOK JOK,6457,0.5,5333,5597,TERTINGGAL,TERTINGGAL,"('KUTA MAKMUR', 100)"
ACEH UTARA,KUTA MAKMUR,1111030019,SEUNEUBOK DRIEN,6514,0.45,8667,656,BERKEMBANG,MAJU,"('KUTA MAKMUR', 100)"
ACEH UTARA,KUTA MAKMUR,1111030026,CEMPEUDAK,5714,6667,8667,7016,BERKEMBANG,MAJU,"('KUTA MAKMUR', 100)"
ACEH UTARA,KUTA MAKMUR,1111030027,BLANG RIEK,7371,0.55,5333,6068,BERKEMBANG,MAJU,"('KUTA MAKMUR', 100)"
ACEH UTARA,KUTA MAKMUR,1111030028,MEUNASAH BLANG ARA,6514,0.55,6667,6227,BERKEMBANG,MAJU,"('KUTA MAKMUR', 100)"
ACEH UTARA,KUTA MAKMUR,1111030029,KEUDE BLANG ARA,7314,5333,6667,6438,BERKEMBANG,MAJU,"('KUTA MAKMUR', 100)"
ACEH UTARA,KUTA MAKMUR,1111030030,KRUENG MANYANG,7371,5333,6667,6457,BERKEMBANG,MAJU,"('KUTA MAKMUR', 100)"
ACEH UTARA,KUTA MAKMUR,1111030031,BAYU,0.6,3167,0.6,5056,TERTINGGAL,TERTINGGAL,"('KUTA MAKMUR', 100)"
ACEH UTARA,KUTA MAKMUR,1111030032,BLANG ADO,5257,3167,6667,503,TERTINGGAL,TERTINGGAL,"('KUTA MAKMUR', 100)"
ACEH UTARA,KUTA MAKMUR,1111030033,DAYAH MEUNARA,5543,3167,6667,5125,TERTINGGAL,TERTINGGAL,"('KUTA MAKMUR', 100)"
ACEH UTARA,KUTA MAKMUR,1111030035,BABAH LUENG,5371,4167,0.6,5179,TERTINGGAL,TERTINGGAL,"('KUTA MAKMUR', 100)"
ACEH UTARA,KUTA MAKMUR,1111030036,PANTON RAYEUK II,0.6,5333,0.6,5778,TERTINGGAL,TERTINGGAL,"('KUTA MAKMUR', 100)"
ACEH UTARA,KUTA MAKMUR,1111030037,SAWEUK,5543,5667,0.6,5737,TERTINGGAL,TERTINGGAL,"('KUTA MAKMUR', 100)"
ACEH UTARA,KUTA MAKMUR,1111030038,LANGKUTA,5943,0.45,5333,5259,TERTINGGAL,TERTINGGAL,"('KUTA MAKMUR', 100)"
ACEH UTARA,KUTA MAKMUR,1111030039,COT SEUMIYONG,0.56,0.4,6667,5422,TERTINGGAL,TERTINGGAL,"('KUTA MAKMUR', 100)"
ACEH UTARA,KUTA MAKMUR,1111030041,COT SEUTUI,6857,5167,0.4,5341,TERTINGGAL,TERTINGGAL,"('KUTA MAKMUR', 100)"
ACEH UTARA,KUTA MAKMUR,1111030044,PULO BARAT,5771,4833,4667,509,TERTINGGAL,TERTINGGAL,"('KUTA MAKMUR', 100)"
ACEH UTARA,KUTA MAKMUR,1111030045,PULO RAYEUK,6343,0.3,8667,6003,BERKEMBANG,MAJU,"('KUTA MAKMUR', 100)"
ACEH UTARA,KUTA MAKMUR,1111030046,MEUNASAH KUMBANG,5314,3167,6667,5049,TERTINGGAL,TERTINGGAL,"('KUTA MAKMUR', 100)"
ACEH UTARA,KUTA MAKMUR,1111030047,CEUMEUCET,6114,0.5,8667,6594,BERKEMBANG,MAJU,"('KUTA MAKMUR', 100)"
ACEH UTARA,KUTA MAKMUR,1111030048,GUHA ULEU,6229,4667,6667,5854,TERTINGGAL,TERTINGGAL,"('KUTA MAKMUR', 100)"
ACEH UTARA,KUTA MAKMUR,1111030049,BLANG GURAH,6514,3833,5333,5227,TERTINGGAL,TERTINGGAL,"('KUTA MAKMUR', 100)"
ACEH UTARA,KUTA MAKMUR,1111030050,KRUENG SEUNONG,6457,3833,5333,5208,TERTINGGAL,TERTINGGAL,"('KUTA MAKMUR', 100)"
ACEH UTARA,KUTA MAKMUR,1111030051,KEUDE KRUENG,6171,4167,7333,589,TERTINGGAL,TERTINGGAL,"('KUTA MAKMUR', 100)"
ACEH UTARA,KUTA MAKMUR,1111030052,PULO IBOIH,5829,0.5,4667,5165,TERTINGGAL,TERTINGGAL,"('KUTA MAKMUR', 100)"
ACEH UTARA,KUTA MAKMUR,1111030053,KEUREUSEK,7657,0.5,4667,5775,TERTINGGAL,TERTINGGAL,"('KUTA MAKMUR', 100)"
ACEH UTARA,KUTA MAKMUR,1111030054,MEUNASAH KULAM,6514,4333,4667,5171,TERTINGGAL,TERTINGGAL,"('KUTA MAKMUR', 100)"
ACEH UTARA,KUTA MAKMUR,1111030055,KRUENG SEUPENG,5829,0.5,4667,5165,TERTINGGAL,TERTINGGAL,"('KUTA MAKMUR', 100)"
ACEH UTARA,SYAMTALIRA BAYU,1111040010,MEUDANG ARA,6571,4667,6667,5968,TERTINGGAL,TERTINGGAL,"('SYAMTALIRA BAYU', 100)"
ACEH UTARA,SYAMTALIRA BAYU,1111040012,SIREN TUJOH,0.64,0.4,6667,5689,TERTINGGAL,TERTINGGAL,"('SYAMTALIRA BAYU', 100)"
ACEH UTARA,SYAMTALIRA BAYU,1111040014,TUMPEUN,7657,0.45,6667,6275,BERKEMBANG,MAJU,"('SYAMTALIRA BAYU', 100)"
ACEH UTARA,SYAMTALIRA BAYU,1111040016,DAYAH BLANG SEUREUKUY,0.64,3667,6667,5578,TERTINGGAL,TERTINGGAL,"('SYAMTALIRA BAYU', 100)"
ACEH UTARA,SYAMTALIRA BAYU,1111040017,BLANG PATRA,6457,4167,0.6,5541,TERTINGGAL,TERTINGGAL,"('SYAMTALIRA BAYU', 100)"
ACEH UTARA,SYAMTALIRA BAYU,1111040019,BUKET GLUMPANG,6114,4333,6667,5705,TERTINGGAL,TERTINGGAL,"('SYAMTALIRA BAYU', 100)"
ACEH UTARA,SYAMTALIRA BAYU,1111040021,ALUE MAJRON,5714,0.45,6667,5627,TERTINGGAL,TERTINGGAL,"('SYAMTALIRA BAYU', 100)"
ACEH UTARA,SYAMTALIRA BAYU,1111040022,BLANG MAJRON,6229,0.5,5333,5521,TERTINGGAL,TERTINGGAL,"('SYAMTALIRA BAYU', 100)"
ACEH UTARA,SYAMTALIRA BAYU,1111040023,BLANG SEUREUKUY,7029,4667,0.6,5898,TERTINGGAL,TERTINGGAL,"('SYAMTALIRA BAYU', 100)"
ACEH UTARA,SYAMTALIRA BAYU,1111040024,KAYEE PANYANG,0.68,5667,6667,6378,BERKEMBANG,MAJU,"('SYAMTALIRA BAYU', 100)"
ACEH UTARA,SYAMTALIRA BAYU,1111040025,ULEE MEURIA,6514,5167,0.6,5894,TERTINGGAL,TERTINGGAL,"('SYAMTALIRA BAYU', 100)"
ACEH UTARA,SYAMTALIRA BAYU,1111040026,PULO BLANG TRIENG,6457,5833,0.6,6097,BERKEMBANG,MAJU,"('SYAMTALIRA BAYU', 100)"
ACEH UTARA,SYAMTALIRA BAYU,1111040027,RHENG,0.72,5167,0.6,6122,BERKEMBANG,MAJU,"('SYAMTALIRA BAYU', 100)"
ACEH UTARA,SYAMTALIRA BAYU,1111040028,TRIENG MEUDUROU,7086,0.5,6667,6251,BERKEMBANG,MAJU,"('SYAMTALIRA BAYU', 100)"
ACEH UTARA,SYAMTALIRA BAYU,1111040030,CIBREK,7486,0.45,0.6,5995,BERKEMBANG,MAJU,"('SYAMTALIRA BAYU', 100)"
ACEH UTARA,SYAMTALIRA BAYU,1111040031,BLANG AWE,0.64,0.55,0.6,5967,TERTINGGAL,TERTINGGAL,"('SYAMTALIRA BAYU', 100)"
ACEH UTARA,SYAMTALIRA BAYU,1111040032,PULO BLANG MANGAT,0.68,5167,0.6,5989,TERTINGGAL,TERTINGGAL,"('SYAMTALIRA BAYU', 100)"
ACEH UTARA,SYAMTALIRA BAYU,1111040033,ULEE GAMPONG,6971,0.5,6667,6213,BERKEMBANG,MAJU,"('SYAMTALIRA BAYU', 100)"
ACEH UTARA,SYAMTALIRA BAYU,1111040034,BALE,6914,0.5,0.6,5971,TERTINGGAL,TERTINGGAL,"('SYAMTALIRA BAYU', 100)"
ACEH UTARA,SYAMTALIRA BAYU,1111040035,BIE,6971,0.4,6667,5879,TERTINGGAL,TERTINGGAL,"('SYAMTALIRA BAYU', 100)"
ACEH UTARA,SYAMTALIRA BAYU,1111040036,NIBONG,0.76,4667,0.6,6089,BERKEMBANG,MAJU,"('SYAMTALIRA BAYU', 100)"
ACEH UTARA,SYAMTALIRA BAYU,1111040037,BARO KULAM GAJAH,0.72,4667,0.6,5956,TERTINGGAL,TERTINGGAL,"('SYAMTALIRA BAYU', 100)"
ACEH UTARA,SYAMTALIRA BAYU,1111040038,BEURANDANG,0.76,6167,0.6,6589,BERKEMBANG,MAJU,"('SYAMTALIRA BAYU', 100)"
ACEH UTARA,SYAMTALIRA BAYU,1111040039,GLONG,6229,0.35,6667,5465,TERTINGGAL,TERTINGGAL,"('SYAMTALIRA BAYU', 100)"
ACEH UTARA,SYAMTALIRA BAYU,1111040040,LANGA,0.68,0.6,0.6,6267,BERKEMBANG,MAJU,"('SYAMTALIRA BAYU', 100)"
ACEH UTARA,SYAMTALIRA BAYU,1111040041,BEUNOT,7657,5333,0.6,633,BERKEMBANG,MAJU,"('SYAMTALIRA BAYU', 100)"
ACEH UTARA,SYAMTALIRA BAYU,1111040042,KEUDE BAYU,7429,0.6,6667,6698,BERKEMBANG,MAJU,"('SYAMTALIRA BAYU', 100)"
ACEH UTARA,SYAMTALIRA BAYU,1111040043,BLANG BAYU,7029,5333,0.6,6121,BERKEMBANG,MAJU,"('SYAMTALIRA BAYU', 100)"
ACEH UTARA,SYAMTALIRA BAYU,1111040044,DAYAH BARO,7143,5667,0.6,627,BERKEMBANG,MAJU,"('SYAMTALIRA BAYU', 100)"
ACEH UTARA,SYAMTALIRA BAYU,1111040045,DAYAH TUHA,5943,3833,0.6,5259,TERTINGGAL,TERTINGGAL,"('SYAMTALIRA BAYU', 100)"
ACEH UTARA,SYAMTALIRA BAYU,1111040046,BUNGONG,7086,5667,0.6,6251,BERKEMBANG,MAJU,"('SYAMTALIRA BAYU', 100)"
ACEH UTARA,SYAMTALIRA BAYU,1111040047,PUNTI,6971,0.5,0.6,599,BERKEMBANG,MAJU,"('SYAMTALIRA BAYU', 100)"
ACEH UTARA,SYAMTALIRA BAYU,1111040048,BAROH BLANG RIMUENG,6686,5333,0.6,6006,BERKEMBANG,MAJU,"('SYAMTALIRA BAYU', 100)"
ACEH UTARA,SYAMTALIRA BAYU,1111040049,LANCOK,7429,0.6,8667,7365,MAJU,MAJU,"('SYAMTALIRA BAYU', 100)"
ACEH UTARA,MEURAH MULIA,1111050002,PAYA SUTRA,5543,0.25,3333,3792,SANGAT TERTINGGAL,TERTINGGAL,"('MEURAH MULIA', 100)"
ACEH UTARA,MEURAH MULIA,1111050003,TUALANG,5771,0.25,3333,3868,SANGAT TERTINGGAL,TERTINGGAL,"('MEURAH MULIA', 100)"
ACEH UTARA,MEURAH MULIA,1111050004,PULO BLANG,6057,5167,6667,5963,TERTINGGAL,TERTINGGAL,"('MEURAH MULIA', 100)"
ACEH UTARA,MEURAH MULIA,1111050005,LEUBOK TUWE,6057,4167,6667,563,TERTINGGAL,TERTINGGAL,"('MEURAH MULIA', 100)"
ACEH UTARA,MEURAH MULIA,1111050006,SARAMABA,5543,3833,6667,5348,TERTINGGAL,TERTINGGAL,"('MEURAH MULIA', 100)"
ACEH UTARA,MEURAH MULIA,1111050007,BLANG REUMA,5314,4167,6667,5383,TERTINGGAL,TERTINGGAL,"('MEURAH MULIA', 100)"
ACEH UTARA,MEURAH MULIA,1111050008,RANTO,0.56,4333,6667,5533,TERTINGGAL,TERTINGGAL,"('MEURAH MULIA', 100)"
ACEH UTARA,MEURAH MULIA,1111050009,MEUNYE PEUT,0.64,0.45,0.6,5633,TERTINGGAL,TERTINGGAL,"('MEURAH MULIA', 100)"
ACEH UTARA,MEURAH MULIA,1111050010,MEUNYE PAYONG,0.64,0.5,0.6,0.58,TERTINGGAL,TERTINGGAL,"('MEURAH MULIA', 100)"
ACEH UTARA,MEURAH MULIA,1111050011,BEURINGEN,7371,0.55,6667,6513,BERKEMBANG,MAJU,"('MEURAH MULIA', 100)"
ACEH UTARA,MEURAH MULIA,1111050013,TEUNGOH KUTA BATEE,6286,5167,6667,604,BERKEMBANG,MAJU,"('MEURAH MULIA', 100)"
ACEH UTARA,MEURAH MULIA,1111050014,BAROH KUTA BATEE,7486,0.4,6667,6051,BERKEMBANG,MAJU,"('MEURAH MULIA', 100)"
ACEH UTARA,MEURAH MULIA,1111050015,CEUBREK,7257,0.55,6667,6475,BERKEMBANG,MAJU,"('MEURAH MULIA', 100)"
ACEH UTARA,MEURAH MULIA,1111050016,GAMPONG TEUNGOH,7429,5167,6667,6421,BERKEMBANG,MAJU,"('MEURAH MULIA', 100)"
ACEH UTARA,MEURAH MULIA,1111050017,KEUDE JUNGKA GAJAH,7143,0.5,6667,627,BERKEMBANG,MAJU,"('MEURAH MULIA', 100)"
ACEH UTARA,MEURAH MULIA,1111050018,NIBONG,7371,4667,6667,6235,BERKEMBANG,MAJU,"('MEURAH MULIA', 100)"
ACEH UTARA,MEURAH MULIA,1111050019,PULO DRIEN BEUKAH,0.68,0.5,6667,6156,BERKEMBANG,MAJU,"('MEURAH MULIA', 100)"
ACEH UTARA,MEURAH MULIA,1111050021,PAYA BILI,6971,5167,6667,6268,BERKEMBANG,MAJU,"('MEURAH MULIA', 100)"
ACEH UTARA,MEURAH MULIA,1111050022,DRIEN PUNTONG,6229,4167,6667,5687,TERTINGGAL,TERTINGGAL,"('MEURAH MULIA', 100)"
ACEH UTARA,MEURAH MULIA,1111050023,PULO KITOU,6914,0.45,0.6,5805,TERTINGGAL,TERTINGGAL,"('MEURAH MULIA', 100)"
ACEH UTARA,MEURAH MULIA,1111050024,TEUNGOH REUBA,0.68,0.4,6667,5822,TERTINGGAL,TERTINGGAL,"('MEURAH MULIA', 100)"
ACEH UTARA,MEURAH MULIA,1111050025,MEUNASAH NGA,7314,4333,6667,6105,BERKEMBANG,MAJU,"('MEURAH MULIA', 100)"
ACEH UTARA,MEURAH MULIA,1111050026,UJONG REUBA,6971,4833,0.6,5935,TERTINGGAL,TERTINGGAL,"('MEURAH MULIA', 100)"
ACEH UTARA,MEURAH MULIA,1111050029,BARAT PAYA ITEK,0.64,3333,6667,5467,TERTINGGAL,TERTINGGAL,"('MEURAH MULIA', 100)"
ACEH UTARA,MEURAH MULIA,1111050030,PRI KEUTAPANG,6171,4333,6667,5724,TERTINGGAL,TERTINGGAL,"('MEURAH MULIA', 100)"
ACEH UTARA,MEURAH MULIA,1111050031,KUMBANG,0.68,4167,6667,5878,TERTINGGAL,TERTINGGAL,"('MEURAH MULIA', 100)"
ACEH UTARA,MEURAH MULIA,1111050033,BLANG CUT,6686,4167,6667,584,TERTINGGAL,TERTINGGAL,"('MEURAH MULIA', 100)"
ACEH UTARA,MEURAH MULIA,1111050034,RAYEUK PAYA ITEK,6343,4333,6667,5781,TERTINGGAL,TERTINGGAL,"('MEURAH MULIA', 100)"
ACEH UTARA,MEURAH MULIA,1111050035,UBIT PAYA ITEK,6114,3333,6667,5371,TERTINGGAL,TERTINGGAL,"('MEURAH MULIA', 100)"
ACEH UTARA,MEURAH MULIA,1111050038,MANYANG,6114,3667,6667,5483,TERTINGGAL,TERTINGGAL,"('MEURAH MULIA', 100)"
ACEH UTARA,MEURAH MULIA,1111050039,ULEE MEURIA,6571,0.45,6667,5913,TERTINGGAL,TERTINGGAL,"('MEURAH MULIA', 100)"
ACEH UTARA,MEURAH MULIA,1111050040,GEULUMPANG,0.6,4167,6667,5611,TERTINGGAL,TERTINGGAL,"('MEURAH MULIA', 100)"
ACEH UTARA,MEURAH MULIA,1111050042,RAYEUK MATANG,7371,4167,6667,6068,BERKEMBANG,MAJU,"('MEURAH MULIA', 100)"
ACEH UTARA,MEURAH MULIA,1111050043,KEUDE KARIENG,7371,5333,6667,6457,BERKEMBANG,MAJU,"('MEURAH MULIA', 100)"
ACEH UTARA,MEURAH MULIA,1111050044,REUDEUP,7486,3667,6667,594,TERTINGGAL,TERTINGGAL,"('MEURAH MULIA', 100)"
ACEH UTARA,MEURAH MULIA,1111050045,PULO BLUEK,6057,5167,0.6,5741,TERTINGGAL,TERTINGGAL,"('MEURAH MULIA', 100)"
ACEH UTARA,MEURAH MULIA,1111050046,DAYAH BLUEK,6057,4833,0.6,563,TERTINGGAL,TERTINGGAL,"('MEURAH MULIA', 100)"
ACEH UTARA,MEURAH MULIA,1111050047,MEURIA BLUEK,7486,3833,6667,5995,BERKEMBANG,MAJU,"('MEURAH MULIA', 100)"
ACEH UTARA,MEURAH MULIA,1111050048,ULEE CEUBREK,6743,0.45,6667,597,TERTINGGAL,TERTINGGAL,"('MEURAH MULIA', 100)"
ACEH UTARA,MEURAH MULIA,1111050049,MESJID BLUEK,5771,4833,5333,5313,TERTINGGAL,TERTINGGAL,"('MEURAH MULIA', 100)"
ACEH UTARA,MATANGKULI,1111060039,BLANG KUTA,5657,3333,0.6,4997,TERTINGGAL,TERTINGGAL,"('MATANGKULI', 100)"
ACEH UTARA,MATANGKULI,1111060047,LEUBOK PIRAK,5429,4333,0.6,5254,TERTINGGAL,TERTINGGAL,"('MATANGKULI', 100)"
ACEH UTARA,MATANGKULI,1111060049,MATANG PEUSANGAN,6914,0.45,6667,6027,BERKEMBANG,MAJU,"('MATANGKULI', 100)"
ACEH UTARA,MATANGKULI,1111060058,ARON PIRAK,6514,4167,6667,5783,TERTINGGAL,TERTINGGAL,"('MATANGKULI', 100)"
ACEH UTARA,MATANGKULI,1111060059,MESJID PIRAK,7143,0.5,0.6,6048,BERKEMBANG,MAJU,"('MATANGKULI', 100)"
ACEH UTARA,MATANGKULI,1111060060,PANTE PIRAK,6571,4333,0.6,5635,TERTINGGAL,TERTINGGAL,"('MATANGKULI', 100)"
ACEH UTARA,MATANGKULI,1111060067,TEUNGOH PIRAK,6629,0.4,0.6,5543,TERTINGGAL,TERTINGGAL,"('MATANGKULI', 100)"
ACEH UTARA,MATANGKULI,1111060068,RAYEUK PIRAK,6629,3833,6667,571,TERTINGGAL,TERTINGGAL,"('MATANGKULI', 100)"
ACEH UTARA,MATANGKULI,1111060069,TUTONG,5486,4333,0.6,5273,TERTINGGAL,TERTINGGAL,"('MATANGKULI', 100)"
ACEH UTARA,MATANGKULI,1111060071,TEUNGOH SEULEUMAK,6686,0.3,7333,5673,TERTINGGAL,TERTINGGAL,"('MATANGKULI', 100)"
ACEH UTARA,MATANGKULI,1111060073,SEURIWEUK,6514,5333,5333,5727,TERTINGGAL,TERTINGGAL,"('MATANGKULI', 100)"
ACEH UTARA,MATANGKULI,1111060074,DAYAH BARO,5486,4333,0.6,5273,TERTINGGAL,TERTINGGAL,"('MATANGKULI', 100)"
ACEH UTARA,MATANGKULI,1111060075,ALUE THO,7029,5333,0.6,6121,BERKEMBANG,MAJU,"('MATANGKULI', 100)"
ACEH UTARA,MATANGKULI,1111060076,CEUBREK PIRAK,6229,4167,7333,591,TERTINGGAL,TERTINGGAL,"('MATANGKULI', 100)"
ACEH UTARA,MATANGKULI,1111060077,MEUNYE PIRAK,6343,4333,0.6,5559,TERTINGGAL,TERTINGGAL,"('MATANGKULI', 100)"
ACEH UTARA,MATANGKULI,1111060078,SIREN,6114,3667,0.6,526,TERTINGGAL,TERTINGGAL,"('MATANGKULI', 100)"
ACEH UTARA,MATANGKULI,1111060079,TANJONG HAJI MUDA,6514,0.4,7333,5949,TERTINGGAL,TERTINGGAL,"('MATANGKULI', 100)"
ACEH UTARA,MATANGKULI,1111060085,TRIENG TEUPIN KEUBEU,6057,4833,5333,5408,TERTINGGAL,TERTINGGAL,"('MATANGKULI', 100)"
ACEH UTARA,MATANGKULI,1111060086,TEUPIN KEUBEU,6857,4833,5333,5675,TERTINGGAL,TERTINGGAL,"('MATANGKULI', 100)"
ACEH UTARA,MATANGKULI,1111060087,TANJONG BABAH KRUENG,6457,4167,7333,5986,TERTINGGAL,TERTINGGAL,"('MATANGKULI', 100)"
ACEH UTARA,MATANGKULI,1111060088,LAWANG,5943,3667,0.6,5203,TERTINGGAL,TERTINGGAL,"('MATANGKULI', 100)"
ACEH UTARA,MATANGKULI,1111060090,HAGU,5886,0.5,0.6,5629,TERTINGGAL,TERTINGGAL,"('MATANGKULI', 100)"
ACEH UTARA,MATANGKULI,1111060092,ALUE ENTOK,6343,0.45,5333,5392,TERTINGGAL,TERTINGGAL,"('MATANGKULI', 100)"
ACEH UTARA,MATANGKULI,1111060093,TUMPOK BARAT,5657,4333,0.6,533,TERTINGGAL,TERTINGGAL,"('MATANGKULI', 100)"
ACEH UTARA,MATANGKULI,1111060095,BARO,6971,0.5,0.6,599,BERKEMBANG,MAJU,"('MATANGKULI', 100)"
ACEH UTARA,MATANGKULI,1111060096,MEE,6914,4333,0.6,5749,TERTINGGAL,TERTINGGAL,"('MATANGKULI', 100)"
ACEH UTARA,MATANGKULI,1111060100,MATANG MEE,6571,0.45,5333,5468,TERTINGGAL,TERTINGGAL,"('MATANGKULI', 100)"
ACEH UTARA,MATANGKULI,1111060104,UDE,6857,0.55,0.6,6119,BERKEMBANG,MAJU,"('MATANGKULI', 100)"
ACEH UTARA,MATANGKULI,1111060105,UJONG KULAM,6286,0.3,6667,5317,TERTINGGAL,TERTINGGAL,"('MATANGKULI', 100)"
ACEH UTARA,MATANGKULI,1111060111,MATANG MUNYE,0.64,0.45,0.6,5633,TERTINGGAL,TERTINGGAL,"('MATANGKULI', 100)"
ACEH UTARA,PAYA BAKONG,1111061001,BLANG MANE,6514,0.3,5333,4949,TERTINGGAL,TERTINGGAL,"('PAYA BAKONG', 100)"
ACEH UTARA,PAYA BAKONG,1111061002,MATANG PANYANG,6914,4333,6667,5971,TERTINGGAL,TERTINGGAL,"('PAYA BAKONG', 100)"
ACEH UTARA,PAYA BAKONG,1111061003,ALUE LHOK,0.6,3333,5333,4889,SANGAT TERTINGGAL,TERTINGGAL,"('PAYA BAKONG', 100)"
ACEH UTARA,PAYA BAKONG,1111061004,SEUNEUBOK ACEH,5943,3333,5333,487,SANGAT TERTINGGAL,TERTINGGAL,"('PAYA BAKONG', 100)"
ACEH UTARA,PAYA BAKONG,1111061005,BUKET PIDIE,0.6,3333,5333,4889,SANGAT TERTINGGAL,TERTINGGAL,"('PAYA BAKONG', 100)"
ACEH UTARA,PAYA BAKONG,1111061006,BUKET GURU,6629,4833,5333,5598,TERTINGGAL,TERTINGGAL,"('PAYA BAKONG', 100)"
ACEH UTARA,PAYA BAKONG,1111061008,PEUREUPOK,0.6,0.35,6667,5389,TERTINGGAL,TERTINGGAL,"('PAYA BAKONG', 100)"
ACEH UTARA,PAYA BAKONG,1111061009,BLANG GUNCI,0.68,3833,6667,5767,TERTINGGAL,TERTINGGAL,"('PAYA BAKONG', 100)"
ACEH UTARA,PAYA BAKONG,1111061010,PANTE SEULEUMAK,5657,4833,5333,5275,TERTINGGAL,TERTINGGAL,"('PAYA BAKONG', 100)"
ACEH UTARA,PAYA BAKONG,1111061012,MAMPREE,6343,0.4,6667,567,TERTINGGAL,TERTINGGAL,"('PAYA BAKONG', 100)"
ACEH UTARA,PAYA BAKONG,1111061015,ASAN SEULEUMAK,6514,4333,6667,5838,TERTINGGAL,TERTINGGAL,"('PAYA BAKONG', 100)"
ACEH UTARA,PAYA BAKONG,1111061017,SIMPANG,5829,0.5,6667,5832,TERTINGGAL,TERTINGGAL,"('PAYA BAKONG', 100)"
ACEH UTARA,PAYA BAKONG,1111061019,BLANG ARA,6457,4333,0.6,5597,TERTINGGAL,TERTINGGAL,"('PAYA BAKONG', 100)"
ACEH UTARA,PAYA BAKONG,1111061020,GEUREUGHEK,6114,4333,0.6,5483,TERTINGGAL,TERTINGGAL,"('PAYA BAKONG', 100)"
ACEH UTARA,PAYA BAKONG,1111061021,BLANG PANTE,6229,0.45,3333,4687,SANGAT TERTINGGAL,TERTINGGAL,"('PAYA BAKONG', 100)"
ACEH UTARA,PAYA BAKONG,1111061022,LUENG,5886,3667,0.6,5184,TERTINGGAL,TERTINGGAL,"('PAYA BAKONG', 100)"
ACEH UTARA,PAYA BAKONG,1111061024,GEULUMPANG PIRAK,0.6,4667,6667,5778,TERTINGGAL,TERTINGGAL,"('PAYA BAKONG', 100)"
ACEH UTARA,PAYA BAKONG,1111061025,BLANG SIALET,5714,0.45,5333,5183,TERTINGGAL,TERTINGGAL,"('PAYA BAKONG', 100)"
ACEH UTARA,PAYA BAKONG,1111061026,BLANG PAKU,0.76,6167,4667,6144,BERKEMBANG,MAJU,"('PAYA BAKONG', 100)"
ACEH UTARA,PAYA BAKONG,1111061027,BLANG DALAM,6114,3833,6667,5538,TERTINGGAL,TERTINGGAL,"('PAYA BAKONG', 100)"
ACEH UTARA,PAYA BAKONG,1111061028,MEURIA SEULEUMAK,5829,4333,6667,561,TERTINGGAL,TERTINGGAL,"('PAYA BAKONG', 100)"
ACEH UTARA,PAYA BAKONG,1111061029,LEUHONG,6114,5667,0.6,5927,TERTINGGAL,TERTINGGAL,"('PAYA BAKONG', 100)"
ACEH UTARA,PAYA BAKONG,1111061031,KEUDE PAYA BAKONG,0.68,0.45,5333,5544,TERTINGGAL,TERTINGGAL,"('PAYA BAKONG', 100)"
ACEH UTARA,PAYA BAKONG,1111061032,CEMPEUDAK,6686,0.45,5333,5506,TERTINGGAL,TERTINGGAL,"('PAYA BAKONG', 100)"
ACEH UTARA,PAYA BAKONG,1111061033,PAYA MEUDRU,0.56,0.35,6667,5256,TERTINGGAL,TERTINGGAL,"('PAYA BAKONG', 100)"
ACEH UTARA,PAYA BAKONG,1111061034,MEUNYE SEULEUMAK,0.6,4333,0.6,5444,TERTINGGAL,TERTINGGAL,"('PAYA BAKONG', 100)"
ACEH UTARA,PAYA BAKONG,1111061035,ALUE LEUKOT,5429,3667,6667,5254,TERTINGGAL,TERTINGGAL,"('PAYA BAKONG', 100)"
ACEH UTARA,PAYA BAKONG,1111061036,PUCOK ALUE SEULEUMAK,5829,3167,0.6,4998,TERTINGGAL,TERTINGGAL,"('PAYA BAKONG', 100)"
ACEH UTARA,PAYA BAKONG,1111061037,JOK,5657,4667,0.4,4775,SANGAT TERTINGGAL,TERTINGGAL,"('PAYA BAKONG', 100)"
ACEH UTARA,PAYA BAKONG,1111061038,TUNONG KRUENG,6514,4333,0.6,5616,TERTINGGAL,TERTINGGAL,"('PAYA BAKONG', 100)"
ACEH UTARA,PAYA BAKONG,1111061039,TUMPOK MESJID,6343,0.45,6667,5837,TERTINGGAL,TERTINGGAL,"('PAYA BAKONG', 100)"
ACEH UTARA,COT GIREK,1111070001,COT GIREK,7829,0.6,0.6,661,BERKEMBANG,MAJU,"('COT GIREK', 100)"
ACEH UTARA,COT GIREK,1111070002,ALUE LEUHOB,8229,0.6,6667,6965,BERKEMBANG,MAJU,"('COT GIREK', 100)"
ACEH UTARA,COT GIREK,1111070005,ALUE SEUMAMBU,7086,0.35,0.6,5529,TERTINGGAL,TERTINGGAL,"('COT GIREK', 100)"
ACEH UTARA,COT GIREK,1111070006,BATU XII,7086,6667,0.6,6584,BERKEMBANG,MAJU,"('COT GIREK', 100)"
ACEH UTARA,COT GIREK,1111070008,SEUPENG,5257,3667,0.6,4975,TERTINGGAL,TERTINGGAL,"('COT GIREK', 100)"
ACEH UTARA,COT GIREK,1111070009,BEURANDANG DAYAH,5029,4833,0.6,5287,TERTINGGAL,TERTINGGAL,"('COT GIREK', 100)"
ACEH UTARA,COT GIREK,1111070010,BEURANDANG ASAN,5257,3833,0.6,503,TERTINGGAL,TERTINGGAL,"('COT GIREK', 100)"
ACEH UTARA,COT GIREK,1111070011,DRIEN II,0.56,3667,0.6,5089,TERTINGGAL,TERTINGGAL,"('COT GIREK', 100)"
ACEH UTARA,COT GIREK,1111070012,BEURANDANG KRUENG,5257,0.35,0.6,4919,TERTINGGAL,TERTINGGAL,"('COT GIREK', 100)"
ACEH UTARA,COT GIREK,1111070013,JEULIKAT,0.64,3833,4667,4967,TERTINGGAL,TERTINGGAL,"('COT GIREK', 100)"
ACEH UTARA,COT GIREK,1111070015,LUENG BARO,6571,3667,0.6,5413,TERTINGGAL,TERTINGGAL,"('COT GIREK', 100)"
ACEH UTARA,COT GIREK,1111070016,LHOK REUHAT,6057,3667,0.6,5241,TERTINGGAL,TERTINGGAL,"('COT GIREK', 100)"
ACEH UTARA,COT GIREK,1111070017,TRIENG,6629,3667,0.6,5432,TERTINGGAL,TERTINGGAL,"('COT GIREK', 100)"
ACEH UTARA,COT GIREK,1111070020,ALUE DRIEN,6229,3667,0.6,5298,TERTINGGAL,TERTINGGAL,"('COT GIREK', 100)"
ACEH UTARA,COT GIREK,1111070021,SEUNEUBOK BARO,5771,3833,0.6,5202,TERTINGGAL,TERTINGGAL,"('COT GIREK', 100)"
ACEH UTARA,COT GIREK,1111070022,ULEE GAMPONG,6629,3333,5333,5098,TERTINGGAL,TERTINGGAL,"('COT GIREK', 100)"
ACEH UTARA,COT GIREK,1111070023,PUCOK ALUE,6114,3333,6667,5371,TERTINGGAL,TERTINGGAL,"('COT GIREK', 100)"
ACEH UTARA,COT GIREK,1111070024,MATANG TEUNGOH,6514,3333,6667,5505,TERTINGGAL,TERTINGGAL,"('COT GIREK', 100)"
ACEH UTARA,LANGKAHAN,1111081002,SEUREUKE,4914,3167,5333,4471,SANGAT TERTINGGAL,TERTINGGAL,"('LANGKAHAN', 100)"
ACEH UTARA,LANGKAHAN,1111081003,BUKET LINTEUNG,4286,2667,4667,3873,SANGAT TERTINGGAL,TERTINGGAL,"('LANGKAHAN', 100)"
ACEH UTARA,LANGKAHAN,1111081004,RUMOH RAYEUK,5714,3833,4667,4738,SANGAT TERTINGGAL,TERTINGGAL,"('LANGKAHAN', 100)"
ACEH UTARA,LANGKAHAN,1111081005,LANGKAHAN,6286,0.35,0.4,4595,SANGAT TERTINGGAL,TERTINGGAL,"('LANGKAHAN', 100)"
ACEH UTARA,LANGKAHAN,1111081006,GEUDUMBAK,6743,3833,2667,4414,SANGAT TERTINGGAL,TERTINGGAL,"('LANGKAHAN', 100)"
ACEH UTARA,LANGKAHAN,1111081007,TANJONG DALAM SELATAN,6629,3833,3333,4598,SANGAT TERTINGGAL,TERTINGGAL,"('LANGKAHAN', 100)"
ACEH UTARA,LANGKAHAN,1111081008,MEUNASAH BLANG,5543,3333,0.4,4292,SANGAT TERTINGGAL,TERTINGGAL,"('LANGKAHAN', 100)"
ACEH UTARA,LANGKAHAN,1111081009,ALUE KRAK KAYEE,5429,3167,4667,4421,SANGAT TERTINGGAL,TERTINGGAL,"('LANGKAHAN', 100)"
ACEH UTARA,LANGKAHAN,1111081010,TANJONG JAWA,6229,3333,4667,4743,SANGAT TERTINGGAL,TERTINGGAL,"('LANGKAHAN', 100)"
ACEH UTARA,LANGKAHAN,1111081012,PADANG MEURIA,4171,0.45,4667,4446,SANGAT TERTINGGAL,TERTINGGAL,"('LANGKAHAN', 100)"
ACEH UTARA,LANGKAHAN,1111081013,LEUBOK MANE,5943,0.4,0.6,5314,TERTINGGAL,TERTINGGAL,"('LANGKAHAN', 100)"
ACEH UTARA,LANGKAHAN,1111081014,MATANG RUBEK,5714,4667,0.6,546,TERTINGGAL,TERTINGGAL,"('LANGKAHAN', 100)"
ACEH UTARA,LANGKAHAN,1111081015,SIMPANG TIGA,4914,3167,0.2,336,SANGAT TERTINGGAL,TERTINGGAL,"('LANGKAHAN', 100)"
ACEH UTARA,LANGKAHAN,1111081016,PAYA TUKAI,5486,3833,6667,5329,TERTINGGAL,TERTINGGAL,"('LANGKAHAN', 100)"
ACEH UTARA,LANGKAHAN,1111081017,KAMPONG BLANG,0.56,5333,6667,5867,TERTINGGAL,TERTINGGAL,"('LANGKAHAN', 100)"
ACEH UTARA,LANGKAHAN,1111081018,MATANG KEUTAPANG,5886,3833,5333,5017,TERTINGGAL,TERTINGGAL,"('LANGKAHAN', 100)"
ACEH UTARA,LANGKAHAN,1111081019,PANTE GAKI BALE,5657,0.3,0.6,4886,SANGAT TERTINGGAL,TERTINGGAL,"('LANGKAHAN', 100)"
ACEH UTARA,LANGKAHAN,1111081020,KRUENG LINGKA,4971,0.35,0.6,4824,SANGAT TERTINGGAL,TERTINGGAL,"('LANGKAHAN', 100)"
ACEH UTARA,LANGKAHAN,1111081021,BANTAYAN,5486,5167,6667,5773,TERTINGGAL,TERTINGGAL,"('LANGKAHAN', 100)"
ACEH UTARA,LANGKAHAN,1111081022,ALUE DUA,5257,5333,0.6,553,TERTINGGAL,TERTINGGAL,"('LANGKAHAN', 100)"
ACEH UTARA,LANGKAHAN,1111081023,COT BADA,4457,5167,6667,543,TERTINGGAL,TERTINGGAL,"('LANGKAHAN', 100)"
ACEH UTARA,SEUNUDDON,1111090001,BLANG TUE,5543,3333,0.6,4959,TERTINGGAL,TERTINGGAL,"('SEUNUDDON', 100)"
ACEH UTARA,SEUNUDDON,1111090003,MANE KAWAN,6571,4833,6667,6024,BERKEMBANG,MAJU,"('SEUNUDDON', 100)"
ACEH UTARA,SEUNUDDON,1111090005,ALUE KIRAN,5886,3333,0.6,5073,TERTINGGAL,TERTINGGAL,"('SEUNUDDON', 100)"
ACEH UTARA,SEUNUDDON,1111090006,ALUE BARUEH,6286,0.45,5333,5373,TERTINGGAL,TERTINGGAL,"('SEUNUDDON', 100)"
ACEH UTARA,SEUNUDDON,1111090007,KEUDE SIMPANG JALAN,6343,5333,5333,567,TERTINGGAL,TERTINGGAL,"('SEUNUDDON', 100)"
ACEH UTARA,SEUNUDDON,1111090008,COT KAFIRATON,5943,3667,0.6,5203,TERTINGGAL,TERTINGGAL,"('SEUNUDDON', 100)"
ACEH UTARA,SEUNUDDON,1111090009,PAYA DUA UJONG,6629,4833,0.6,5821,TERTINGGAL,TERTINGGAL,"('SEUNUDDON', 100)"
ACEH UTARA,SEUNUDDON,1111090010,TANJONG DAMA,5829,0.45,5333,5221,TERTINGGAL,TERTINGGAL,"('SEUNUDDON', 100)"
ACEH UTARA,SEUNUDDON,1111090011,PAYA DUA URAM,5943,3667,5333,4981,TERTINGGAL,TERTINGGAL,"('SEUNUDDON', 100)"
ACEH UTARA,SEUNUDDON,1111090012,LHOK GEULITUET,0.72,4667,5333,5733,TERTINGGAL,TERTINGGAL,"('SEUNUDDON', 100)"
ACEH UTARA,SEUNUDDON,1111090013,MATANG ANOE,7029,4333,4667,5343,TERTINGGAL,TERTINGGAL,"('SEUNUDDON', 100)"
ACEH UTARA,SEUNUDDON,1111090014,LHOK RAMBIDENG,0.56,4833,0.8,6144,BERKEMBANG,MAJU,"('SEUNUDDON', 100)"
ACEH UTARA,SEUNUDDON,1111090015,BLANG PHA,0.64,3833,0.6,5411,TERTINGGAL,TERTINGGAL,"('SEUNUDDON', 100)"
ACEH UTARA,SEUNUDDON,1111090016,MATANG JEULIKAT,6914,3167,4667,4916,TERTINGGAL,TERTINGGAL,"('SEUNUDDON', 100)"
ACEH UTARA,SEUNUDDON,1111090017,DARUL AMAN,6514,3667,0.6,5394,TERTINGGAL,TERTINGGAL,"('SEUNUDDON', 100)"
ACEH UTARA,SEUNUDDON,1111090018,COT TRUENG,6514,4333,5333,5394,TERTINGGAL,TERTINGGAL,"('SEUNUDDON', 100)"
ACEH UTARA,SEUNUDDON,1111090019,MEUNASAH SAGOE,6914,4333,4667,5305,TERTINGGAL,TERTINGGAL,"('SEUNUDDON', 100)"
ACEH UTARA,SEUNUDDON,1111090020,MATANG PUNTONG,0.68,4667,1333,4267,SANGAT TERTINGGAL,TERTINGGAL,"('SEUNUDDON', 100)"
ACEH UTARA,SEUNUDDON,1111090021,MATANG PANYANG,6171,5667,5333,5724,TERTINGGAL,TERTINGGAL,"('SEUNUDDON', 100)"
ACEH UTARA,SEUNUDDON,1111090022,COT PATISAH,5657,0.45,5333,5163,TERTINGGAL,TERTINGGAL,"('SEUNUDDON', 100)"
ACEH UTARA,SEUNUDDON,1111090023,ALUE CAPLI,6514,3333,0.6,5283,TERTINGGAL,TERTINGGAL,"('SEUNUDDON', 100)"
ACEH UTARA,SEUNUDDON,1111090024,SIMPANG PEUT,5771,0.4,0.6,5257,TERTINGGAL,TERTINGGAL,"('SEUNUDDON', 100)"
ACEH UTARA,SEUNUDDON,1111090025,ULEE TITI,6571,0.55,4667,5579,TERTINGGAL,TERTINGGAL,"('SEUNUDDON', 100)"
ACEH UTARA,SEUNUDDON,1111090026,LHOK PUUK,5714,0.6,5333,5683,TERTINGGAL,TERTINGGAL,"('SEUNUDDON', 100)"
ACEH UTARA,SEUNUDDON,1111090028,MATANG LADA,6857,0.5,4667,5508,TERTINGGAL,TERTINGGAL,"('SEUNUDDON', 100)"
ACEH UTARA,SEUNUDDON,1111090029,MATANG KARIENG,5486,4667,6667,5606,TERTINGGAL,TERTINGGAL,"('SEUNUDDON', 100)"
ACEH UTARA,SEUNUDDON,1111090030,ULEE MATANG,0.72,0.45,0.6,0.59,TERTINGGAL,TERTINGGAL,"('SEUNUDDON', 100)"
ACEH UTARA,SEUNUDDON,1111090032,BANTAYAN,7029,5333,6667,6343,BERKEMBANG,MAJU,"('SEUNUDDON', 100)"
ACEH UTARA,SEUNUDDON,1111090033,TEUPIN KUYUEN,6743,3833,6667,5748,TERTINGGAL,TERTINGGAL,"('SEUNUDDON', 100)"
ACEH UTARA,BAKTIYA,1111100001,CINTA MAKMUR,6114,4833,5333,5427,TERTINGGAL,TERTINGGAL,"('BAKTIYA', 100)"
ACEH UTARA,BAKTIYA,1111100002,BABUSSALAM,7486,0.45,5333,5773,TERTINGGAL,TERTINGGAL,"('BAKTIYA', 100)"
ACEH UTARA,BAKTIYA,1111100003,BUKET DARA BARO,0.72,5167,0.6,6122,BERKEMBANG,MAJU,"('BAKTIYA', 100)"
ACEH UTARA,BAKTIYA,1111100004,MATANG BARO,5257,3667,0.6,4975,TERTINGGAL,TERTINGGAL,"('BAKTIYA', 100)"
ACEH UTARA,BAKTIYA,1111100005,UJONG DAMA,6743,4667,3333,4914,TERTINGGAL,TERTINGGAL,"('BAKTIYA', 100)"
ACEH UTARA,BAKTIYA,1111100007,MATANG BEURINGEN,5429,4667,0.6,5365,TERTINGGAL,TERTINGGAL,"('BAKTIYA', 100)"
ACEH UTARA,BAKTIYA,1111100009,MATANG PINEUNG,5486,4833,5333,5217,TERTINGGAL,TERTINGGAL,"('BAKTIYA', 100)"
ACEH UTARA,BAKTIYA,1111100011,MATANG REUDEUP,6457,0.5,0.6,5819,TERTINGGAL,TERTINGGAL,"('BAKTIYA', 100)"
ACEH UTARA,BAKTIYA,1111100013,MATANG MANYAM,6514,5333,0.6,5949,TERTINGGAL,TERTINGGAL,"('BAKTIYA', 100)"
ACEH UTARA,BAKTIYA,1111100014,COT MANYANG,6686,0.55,3333,5173,TERTINGGAL,TERTINGGAL,"('BAKTIYA', 100)"
ACEH UTARA,BAKTIYA,1111100016,MATANG ULIM,6057,0.4,0.6,5352,TERTINGGAL,TERTINGGAL,"('BAKTIYA', 100)"
ACEH UTARA,BAKTIYA,1111100017,MATANG LINYA,5371,4333,0.6,5235,TERTINGGAL,TERTINGGAL,"('BAKTIYA', 100)"
ACEH UTARA,BAKTIYA,1111100023,ALUE IE TAREK,0.6,3833,6667,0.55,TERTINGGAL,TERTINGGAL,"('BAKTIYA', 100)"
ACEH UTARA,BAKTIYA,1111100025,ARONGAN LISE,6343,0.45,0.6,5614,TERTINGGAL,TERTINGGAL,"('BAKTIYA', 100)"
ACEH UTARA,BAKTIYA,1111100026,GLUMPANG PAYONG,5657,4167,5333,5052,TERTINGGAL,TERTINGGAL,"('BAKTIYA', 100)"
ACEH UTARA,BAKTIYA,1111100027,ALUE RAMBONG,5257,3833,0.6,503,TERTINGGAL,TERTINGGAL,"('BAKTIYA', 100)"
ACEH UTARA,BAKTIYA,1111100029,MATANG RAWA,6229,4333,0.6,5521,TERTINGGAL,TERTINGGAL,"('BAKTIYA', 100)"
ACEH UTARA,BAKTIYA,1111100030,MATANG LAWANG,6514,4667,0.6,5727,TERTINGGAL,TERTINGGAL,"('BAKTIYA', 100)"
ACEH UTARA,BAKTIYA,1111100032,COT ARA,7657,3833,0.6,583,TERTINGGAL,TERTINGGAL,"('BAKTIYA', 100)"
ACEH UTARA,BAKTIYA,1111100033,ALUE DAMA,0.64,0.45,6667,5856,TERTINGGAL,TERTINGGAL,"('BAKTIYA', 100)"
ACEH UTARA,BAKTIYA,1111100034,ALUE BILI GEULUMPANG,6857,5167,0.6,6008,BERKEMBANG,MAJU,"('BAKTIYA', 100)"
ACEH UTARA,BAKTIYA,1111100035,PUCOK ALUE,5714,5333,0.4,5016,TERTINGGAL,TERTINGGAL,"('BAKTIYA', 100)"
ACEH UTARA,BAKTIYA,1111100036,MATANG KAREUNG,6743,3833,0.6,5525,TERTINGGAL,TERTINGGAL,"('BAKTIYA', 100)"
ACEH UTARA,BAKTIYA,1111100037,COT ULAYA,6514,4167,5333,5338,TERTINGGAL,TERTINGGAL,"('BAKTIYA', 100)"
ACEH UTARA,BAKTIYA,1111100040,KEUDE PANTEU BREUH,6686,6333,0.6,634,BERKEMBANG,MAJU,"('BAKTIYA', 100)"
ACEH UTARA,BAKTIYA,1111100041,RAMBONG DALAM,5829,5167,6667,5887,TERTINGGAL,TERTINGGAL,"('BAKTIYA', 100)"
ACEH UTARA,BAKTIYA,1111100042,ALUE BILI RAYEUK,6571,0.45,0.6,569,TERTINGGAL,TERTINGGAL,"('BAKTIYA', 100)"
ACEH UTARA,BAKTIYA,1111100043,MEUNASAH ALUE IE PUTEH,7143,7667,5333,6714,BERKEMBANG,MAJU,"('BAKTIYA', 100)"
ACEH UTARA,BAKTIYA,1111100044,KEUDE ALUE IE PUTEH,6571,6167,5333,6024,BERKEMBANG,MAJU,"('BAKTIYA', 100)"
ACEH UTARA,BAKTIYA,1111100045,MATANG KUMBANG,0.56,4333,0.6,5311,TERTINGGAL,TERTINGGAL,"('BAKTIYA', 100)"
ACEH UTARA,BAKTIYA,1111100057,COT MANE,6114,4667,0.6,5594,TERTINGGAL,TERTINGGAL,"('BAKTIYA', 100)"
ACEH UTARA,BAKTIYA,1111100058,COT KUMBANG,6686,5167,0.6,5951,TERTINGGAL,TERTINGGAL,"('BAKTIYA', 100)"
ACEH UTARA,BAKTIYA,1111100059,LHOK SEUTUY,6743,4333,0.6,5692,TERTINGGAL,TERTINGGAL,"('BAKTIYA', 100)"
ACEH UTARA,BAKTIYA,1111100060,MEUNASAH BUJOK,5886,0.4,0.6,5295,TERTINGGAL,TERTINGGAL,"('BAKTIYA', 100)"
ACEH UTARA,BAKTIYA,1111100061,ALUE JAMOK,7657,0.45,0.6,6052,BERKEMBANG,MAJU,"('BAKTIYA', 100)"
ACEH UTARA,BAKTIYA,1111100062,MEUDANG ARA,6571,4833,0.6,5802,TERTINGGAL,TERTINGGAL,"('BAKTIYA', 100)"
ACEH UTARA,BAKTIYA,1111100063,ALUE KEUTAPANG,6114,0.6,0.4,5371,TERTINGGAL,TERTINGGAL,"('BAKTIYA', 100)"
ACEH UTARA,BAKTIYA,1111100064,MEUNASAH GEUDONG,6514,6833,0.6,6449,BERKEMBANG,MAJU,"('BAKTIYA', 100)"
ACEH UTARA,BAKTIYA,1111100065,KRUENG LINGKA TIMU,6743,0.35,6667,5637,TERTINGGAL,TERTINGGAL,"('BAKTIYA', 100)"
ACEH UTARA,BAKTIYA,1111100066,KRUENG LINGKA BARAT,0.52,0.45,0.6,5233,TERTINGGAL,TERTINGGAL,"('BAKTIYA', 100)"
ACEH UTARA,BAKTIYA,1111100069,ALUE SERDANG,5257,3833,6667,5252,TERTINGGAL,TERTINGGAL,"('BAKTIYA', 100)"
ACEH UTARA,BAKTIYA,1111100070,MATANG RAYA BARAT,0.56,3333,0.6,4978,TERTINGGAL,TERTINGGAL,"('BAKTIYA', 100)"
ACEH UTARA,BAKTIYA,1111100075,ALUE GEUDONG,5371,4333,5333,5013,TERTINGGAL,TERTINGGAL,"('BAKTIYA', 100)"
ACEH UTARA,BAKTIYA,1111100077,MATANG RAYA TIMU,7257,4167,0.6,5808,TERTINGGAL,TERTINGGAL,"('BAKTIYA', 100)"
ACEH UTARA,BAKTIYA,1111100078,ALUE BUYA,5486,3333,0.6,494,TERTINGGAL,TERTINGGAL,"('BAKTIYA', 100)"
ACEH UTARA,BAKTIYA,1111100079,MATANG CUT,5371,0.35,0.6,4957,TERTINGGAL,TERTINGGAL,"('BAKTIYA', 100)"
ACEH UTARA,BAKTIYA,1111100080,TANJONG GLUMPANG,5714,4833,7333,596,TERTINGGAL,TERTINGGAL,"('BAKTIYA', 100)"
ACEH UTARA,BAKTIYA BARAT,1111101001,COT KUPOK,6343,0.35,6667,5503,TERTINGGAL,TERTINGGAL,"('BAKTIYA BARAT', 100)"
ACEH UTARA,BAKTIYA BARAT,1111101002,MATANG RAYA BLANG SIALET,5829,3667,0.6,5165,TERTINGGAL,TERTINGGAL,"('BAKTIYA BARAT', 100)"
ACEH UTARA,BAKTIYA BARAT,1111101003,PUCOK ALUE BUKET,6343,2667,0.6,5003,TERTINGGAL,TERTINGGAL,"('BAKTIYA BARAT', 100)"
ACEH UTARA,BAKTIYA BARAT,1111101004,COT PAYA,6914,4667,0.6,586,TERTINGGAL,TERTINGGAL,"('BAKTIYA BARAT', 100)"
ACEH UTARA,BAKTIYA BARAT,1111101005,MATANG TEUNGOH,8057,4333,0.6,613,BERKEMBANG,MAJU,"('BAKTIYA BARAT', 100)"
ACEH UTARA,BAKTIYA BARAT,1111101006,MATANG PANYANG,6857,4667,5333,5619,TERTINGGAL,TERTINGGAL,"('BAKTIYA BARAT', 100)"
ACEH UTARA,BAKTIYA BARAT,1111101007,MATANG BAYU,6914,4833,6667,6138,BERKEMBANG,MAJU,"('BAKTIYA BARAT', 100)"
ACEH UTARA,BAKTIYA BARAT,1111101008,LANG NIBONG,6343,0.55,6667,617,BERKEMBANG,MAJU,"('BAKTIYA BARAT', 100)"
ACEH UTARA,BAKTIYA BARAT,1111101009,SINGGAH MATA,7714,4833,3333,5294,TERTINGGAL,TERTINGGAL,"('BAKTIYA BARAT', 100)"
ACEH UTARA,BAKTIYA BARAT,1111101010,MATANG CEUBREK,6971,3667,0.6,5546,TERTINGGAL,TERTINGGAL,"('BAKTIYA BARAT', 100)"
ACEH UTARA,BAKTIYA BARAT,1111101011,COT USEN,5429,3167,5333,4643,SANGAT TERTINGGAL,TERTINGGAL,"('BAKTIYA BARAT', 100)"
ACEH UTARA,BAKTIYA BARAT,1111101012,MATANG SIJUEK BARAT,6914,4667,0.6,586,TERTINGGAL,TERTINGGAL,"('BAKTIYA BARAT', 100)"
ACEH UTARA,BAKTIYA BARAT,1111101013,MATANG SIJUEK TEUNGOH,6114,4667,5333,5371,TERTINGGAL,TERTINGGAL,"('BAKTIYA BARAT', 100)"
ACEH UTARA,BAKTIYA BARAT,1111101014,MATANG SIJUEK TIMU,6114,4333,5333,526,TERTINGGAL,TERTINGGAL,"('BAKTIYA BARAT', 100)"
ACEH UTARA,BAKTIYA BARAT,1111101016,BLANG SEUNONG,6629,0.55,6667,6265,BERKEMBANG,MAJU,"('BAKTIYA BARAT', 100)"
ACEH UTARA,BAKTIYA BARAT,1111101017,MATANG PAYA,6057,0.4,0.6,5352,TERTINGGAL,TERTINGGAL,"('BAKTIYA BARAT', 100)"
ACEH UTARA,BAKTIYA BARAT,1111101018,LHOK IBOH,6686,7167,0.6,6617,BERKEMBANG,MAJU,"('BAKTIYA BARAT', 100)"
ACEH UTARA,BAKTIYA BARAT,1111101019,COT LABA,6171,4333,5333,5279,TERTINGGAL,TERTINGGAL,"('BAKTIYA BARAT', 100)"
ACEH UTARA,BAKTIYA BARAT,1111101020,MEUNASAH PANTE,5943,0.4,0.6,5314,TERTINGGAL,TERTINGGAL,"('BAKTIYA BARAT', 100)"
ACEH UTARA,BAKTIYA BARAT,1111101021,COT MURONG,5143,4167,0.6,5103,TERTINGGAL,TERTINGGAL,"('BAKTIYA BARAT', 100)"
ACEH UTARA,BAKTIYA BARAT,1111101022,MEURANDEH PAYA,5886,4333,5333,5184,TERTINGGAL,TERTINGGAL,"('BAKTIYA BARAT', 100)"
ACEH UTARA,BAKTIYA BARAT,1111101023,MEUNASAH HAGU,5886,4333,4667,4962,TERTINGGAL,TERTINGGAL,"('BAKTIYA BARAT', 100)"
ACEH UTARA,BAKTIYA BARAT,1111101025,LHOK EUNCIEN,0.52,3167,0.6,4789,SANGAT TERTINGGAL,TERTINGGAL,"('BAKTIYA BARAT', 100)"
ACEH UTARA,BAKTIYA BARAT,1111101026,PAYA BATEUNG,0.64,0.4,0.6,5467,TERTINGGAL,TERTINGGAL,"('BAKTIYA BARAT', 100)"
ACEH UTARA,LHOKSUKON,1111110001,GEULUMPANG,5143,3667,0.4,427,SANGAT TERTINGGAL,TERTINGGAL,"('LHOKSUKON', 100)"
ACEH UTARA,LHOKSUKON,1111110003,ALUE ABEE,6343,4667,5333,5448,TERTINGGAL,TERTINGGAL,"('LHOKSUKON', 100)"
ACEH UTARA,LHOKSUKON,1111110004,ALUE EUMPOK,5886,0.6,4667,5517,TERTINGGAL,TERTINGGAL,"('LHOKSUKON', 100)"
ACEH UTARA,LHOKSUKON,1111110005,ALUE ITAM REUDEUP,0.64,2667,0.6,5022,TERTINGGAL,TERTINGGAL,"('LHOKSUKON', 100)"
ACEH UTARA,LHOKSUKON,1111110006,BUKET KRUENG,5714,3167,2667,3849,SANGAT TERTINGGAL,TERTINGGAL,"('LHOKSUKON', 100)"
ACEH UTARA,LHOKSUKON,1111110007,MEUNASAH TEUNGOH LB,6057,5333,0.6,5797,TERTINGGAL,TERTINGGAL,"('LHOKSUKON', 100)"
ACEH UTARA,LHOKSUKON,1111110008,KUMBANG LT,7657,6667,3333,5886,TERTINGGAL,TERTINGGAL,"('LHOKSUKON', 100)"
ACEH UTARA,LHOKSUKON,1111110009,ALUE ITAM BAROH,6971,2667,0.6,5213,TERTINGGAL,TERTINGGAL,"('LHOKSUKON', 100)"
ACEH UTARA,LHOKSUKON,1111110011,ARONGAN LT,4571,4333,6667,519,TERTINGGAL,TERTINGGAL,"('LHOKSUKON', 100)"
ACEH UTARA,LHOKSUKON,1111110016,MEUNASAH RAYEUK LB,5943,0.45,0.6,5481,TERTINGGAL,TERTINGGAL,"('LHOKSUKON', 100)"
ACEH UTARA,LHOKSUKON,1111110017,MEUCAT,6171,3667,0.6,5279,TERTINGGAL,TERTINGGAL,"('LHOKSUKON', 100)"
ACEH UTARA,LHOKSUKON,1111110019,RAWA,5086,0.4,0.6,5029,TERTINGGAL,TERTINGGAL,"('LHOKSUKON', 100)"
ACEH UTARA,LHOKSUKON,1111110022,ULEE GUNONG,6571,3833,0.6,5468,TERTINGGAL,TERTINGGAL,"('LHOKSUKON', 100)"
ACEH UTARA,LHOKSUKON,1111110023,TEUPIN KEUBEU,6457,4167,5333,5319,TERTINGGAL,TERTINGGAL,"('LHOKSUKON', 100)"
ACEH UTARA,LHOKSUKON,1111110026,LHOK KAREUNG,5371,0.5,0.6,5457,TERTINGGAL,TERTINGGAL,"('LHOKSUKON', 100)"
ACEH UTARA,LHOKSUKON,1111110027,COT ASAN,0.6,4333,0.6,5444,TERTINGGAL,TERTINGGAL,"('LHOKSUKON', 100)"
ACEH UTARA,LHOKSUKON,1111110028,BUKET HAGU,7257,0.6,6667,6641,BERKEMBANG,MAJU,"('LHOKSUKON', 100)"
ACEH UTARA,LHOKSUKON,1111110030,MATA IE,5943,0.5,3333,4759,SANGAT TERTINGGAL,TERTINGGAL,"('LHOKSUKON', 100)"
ACEH UTARA,LHOKSUKON,1111110031,MATA U,6686,4667,0.6,5784,TERTINGGAL,TERTINGGAL,"('LHOKSUKON', 100)"
ACEH UTARA,LHOKSUKON,1111110032,LHOK SEUNTANG,6114,0.35,0.6,5205,TERTINGGAL,TERTINGGAL,"('LHOKSUKON', 100)"
ACEH UTARA,LHOKSUKON,1111110033,ULEE TANOH,7829,4667,5333,5943,TERTINGGAL,TERTINGGAL,"('LHOKSUKON', 100)"
ACEH UTARA,LHOKSUKON,1111110035,MEUNASAH JOK,6343,0.5,0.8,6448,BERKEMBANG,MAJU,"('LHOKSUKON', 100)"
ACEH UTARA,LHOKSUKON,1111110036,MEUNASAH NGA LB,6229,5167,8667,6687,BERKEMBANG,MAJU,"('LHOKSUKON', 100)"
ACEH UTARA,LHOKSUKON,1111110038,BERINGIN LB,0.84,4667,5333,6133,BERKEMBANG,MAJU,"('LHOKSUKON', 100)"
ACEH UTARA,LHOKSUKON,1111110039,MANYANG,0.76,4667,0.6,6089,BERKEMBANG,MAJU,"('LHOKSUKON', 100)"
ACEH UTARA,LHOKSUKON,1111110041,CEUBREK,0.76,0.75,0.6,7033,BERKEMBANG,MAJU,"('LHOKSUKON', 100)"
ACEH UTARA,LHOKSUKON,1111110042,KUTA LHOKSUKON,8629,8333,5333,7432,MAJU,MAJU,"('LHOKSUKON', 100)"
ACEH UTARA,LHOKSUKON,1111110043,DAYAH LB,7543,5333,5333,607,BERKEMBANG,MAJU,"('LHOKSUKON', 100)"
ACEH UTARA,LHOKSUKON,1111110045,MEUNASAH GEULINGGANG,0.68,5167,0.6,5989,TERTINGGAL,TERTINGGAL,"('LHOKSUKON', 100)"
ACEH UTARA,LHOKSUKON,1111110047,PULO DULANG,5771,3333,4667,459,SANGAT TERTINGGAL,TERTINGGAL,"('LHOKSUKON', 100)"
ACEH UTARA,LHOKSUKON,1111110048,MEUNASAH TUTONG,6114,0.65,0.6,6205,BERKEMBANG,MAJU,"('LHOKSUKON', 100)"
ACEH UTARA,LHOKSUKON,1111110049,MEUNASAH GEUMATA,7714,0.55,0.6,6405,BERKEMBANG,MAJU,"('LHOKSUKON', 100)"
ACEH UTARA,LHOKSUKON,1111110050,PANTE,7714,0.6,5333,6349,BERKEMBANG,MAJU,"('LHOKSUKON', 100)"
ACEH UTARA,LHOKSUKON,1111110051,TRIENG MATANG UBI,7543,5333,0.8,6959,BERKEMBANG,MAJU,"('LHOKSUKON', 100)"
ACEH UTARA,LHOKSUKON,1111110052,MEUNYE MATANG UBI,7771,5667,0.6,6479,BERKEMBANG,MAJU,"('LHOKSUKON', 100)"
ACEH UTARA,LHOKSUKON,1111110053,BLANG RUBEK,6171,5167,0.6,5779,TERTINGGAL,TERTINGGAL,"('LHOKSUKON', 100)"
ACEH UTARA,LHOKSUKON,1111110054,ALUE BUKET,0.52,4333,0.8,5844,TERTINGGAL,TERTINGGAL,"('LHOKSUKON', 100)"
ACEH UTARA,LHOKSUKON,1111110056,NGA MATANG UBI,8057,0.7,5333,6797,BERKEMBANG,MAJU,"('LHOKSUKON', 100)"
ACEH UTARA,LHOKSUKON,1111110058,BLANG AMAN,6343,0.4,0.6,5448,TERTINGGAL,TERTINGGAL,"('LHOKSUKON', 100)"
ACEH UTARA,LHOKSUKON,1111110059,COT U SIBAK,7257,4167,4667,5363,TERTINGGAL,TERTINGGAL,"('LHOKSUKON', 100)"
ACEH UTARA,LHOKSUKON,1111110060,BINTANG HU,7886,5833,5333,6351,BERKEMBANG,MAJU,"('LHOKSUKON', 100)"
ACEH UTARA,LHOKSUKON,1111110061,COT ARA,6571,4833,0.6,5802,TERTINGGAL,TERTINGGAL,"('LHOKSUKON', 100)"
ACEH UTARA,LHOKSUKON,1111110064,MATANG PUPANJI AB,6971,4833,4667,549,TERTINGGAL,TERTINGGAL,"('LHOKSUKON', 100)"
ACEH UTARA,LHOKSUKON,1111110065,MATANG TEUNGOH AB,6343,0.5,0.6,5781,TERTINGGAL,TERTINGGAL,"('LHOKSUKON', 100)"
ACEH UTARA,LHOKSUKON,1111110066,MEUNASAH ASAN AB,6457,4667,6667,593,TERTINGGAL,TERTINGGAL,"('LHOKSUKON', 100)"
ACEH UTARA,LHOKSUKON,1111110068,KEUTAPANG,7086,0.55,0.6,6195,BERKEMBANG,MAJU,"('LHOKSUKON', 100)"
ACEH UTARA,LHOKSUKON,1111110069,ALUE MUDEM,7029,0.6,0.6,6343,BERKEMBANG,MAJU,"('LHOKSUKON', 100)"
ACEH UTARA,LHOKSUKON,1111110071,ARA AB,0.64,4167,6667,5744,TERTINGGAL,TERTINGGAL,"('LHOKSUKON', 100)"
ACEH UTARA,LHOKSUKON,1111110072,MEUNASAH ALUE DRIEN LB,7543,0.7,0.6,6848,BERKEMBANG,MAJU,"('LHOKSUKON', 100)"
ACEH UTARA,LHOKSUKON,1111110073,MANCANG,0.72,0.45,5333,5678,TERTINGGAL,TERTINGGAL,"('LHOKSUKON', 100)"
ACEH UTARA,LHOKSUKON,1111110075,TRIENG PANTANG,6114,0.45,0.6,5538,TERTINGGAL,TERTINGGAL,"('LHOKSUKON', 100)"
ACEH UTARA,LHOKSUKON,1111110076,MEUNASAH ARONGAN AB,6057,0.4,0.4,4686,SANGAT TERTINGGAL,TERTINGGAL,"('LHOKSUKON', 100)"
ACEH UTARA,TANAH LUAS,1111120001,LEUPON SIREN,6114,3667,0.6,526,TERTINGGAL,TERTINGGAL,"('TANAH LUAS', 100)"
ACEH UTARA,TANAH LUAS,1111120002,ULEE BUKET,5771,5167,2667,4535,SANGAT TERTINGGAL,TERTINGGAL,"('TANAH LUAS', 100)"
ACEH UTARA,TANAH LUAS,1111120003,BLANG PIE,5543,5333,2667,4514,SANGAT TERTINGGAL,TERTINGGAL,"('TANAH LUAS', 100)"
ACEH UTARA,TANAH LUAS,1111120004,BLANG TRIENG,5029,0.3,6667,4898,SANGAT TERTINGGAL,TERTINGGAL,"('TANAH LUAS', 100)"
ACEH UTARA,TANAH LUAS,1111120008,COT BARAT,0.6,4333,0.6,5444,TERTINGGAL,TERTINGGAL,"('TANAH LUAS', 100)"
ACEH UTARA,TANAH LUAS,1111120009,PLU PAKAM,5886,3167,5333,4795,SANGAT TERTINGGAL,TERTINGGAL,"('TANAH LUAS', 100)"
ACEH UTARA,TANAH LUAS,1111120010,TUMPOK ACEH,5886,0.35,0.6,5129,TERTINGGAL,TERTINGGAL,"('TANAH LUAS', 100)"
ACEH UTARA,TANAH LUAS,1111120011,COT DAH,5886,0.4,0.6,5295,TERTINGGAL,TERTINGGAL,"('TANAH LUAS', 100)"
ACEH UTARA,TANAH LUAS,1111120012,ALUE SIJUEK,6229,4167,4667,5021,TERTINGGAL,TERTINGGAL,"('TANAH LUAS', 100)"
ACEH UTARA,TANAH LUAS,1111120015,HAGU,6229,2667,0.8,5632,TERTINGGAL,TERTINGGAL,"('TANAH LUAS', 100)"
ACEH UTARA,TANAH LUAS,1111120016,BAYI,6629,5333,0.6,5987,TERTINGGAL,TERTINGGAL,"('TANAH LUAS', 100)"
ACEH UTARA,TANAH LUAS,1111120019,SERBA JAMAN TUNONG,6571,4667,6667,5968,TERTINGGAL,TERTINGGAL,"('TANAH LUAS', 100)"
ACEH UTARA,TANAH LUAS,1111120020,ALUE GAMPONG,6057,0.45,6667,5741,TERTINGGAL,TERTINGGAL,"('TANAH LUAS', 100)"
ACEH UTARA,TANAH LUAS,1111120023,MATANG BALOY,6457,4333,6667,5819,TERTINGGAL,TERTINGGAL,"('TANAH LUAS', 100)"
ACEH UTARA,TANAH LUAS,1111120025,BLANG,5714,4833,0.6,5516,TERTINGGAL,TERTINGGAL,"('TANAH LUAS', 100)"
ACEH UTARA,TANAH LUAS,1111120026,MATANG MANE,5886,3667,6667,5406,TERTINGGAL,TERTINGGAL,"('TANAH LUAS', 100)"
ACEH UTARA,TANAH LUAS,1111120030,TANJONG MESJID,6057,0.45,0.6,5519,TERTINGGAL,TERTINGGAL,"('TANAH LUAS', 100)"
ACEH UTARA,TANAH LUAS,1111120031,KEUTAPANG,6343,0.4,0.6,5448,TERTINGGAL,TERTINGGAL,"('TANAH LUAS', 100)"
ACEH UTARA,TANAH LUAS,1111120033,MANYANG SB,6457,4667,0.6,5708,TERTINGGAL,TERTINGGAL,"('TANAH LUAS', 100)"
ACEH UTARA,TANAH LUAS,1111120034,TRIENG,7143,0.4,0.6,5714,TERTINGGAL,TERTINGGAL,"('TANAH LUAS', 100)"
ACEH UTARA,TANAH LUAS,1111120035,SERBA JAMAN BAROH,6914,0.35,5333,5249,TERTINGGAL,TERTINGGAL,"('TANAH LUAS', 100)"
ACEH UTARA,TANAH LUAS,1111120036,UJONG BAROH SB,6629,0.4,6667,5765,TERTINGGAL,TERTINGGAL,"('TANAH LUAS', 100)"
ACEH UTARA,TANAH LUAS,1111120044,BLANG JRUEN,6571,6167,5333,6024,BERKEMBANG,MAJU,"('TANAH LUAS', 100)"
ACEH UTARA,TANAH LUAS,1111120045,RAYEUK KUTA,7314,6167,0.8,716,MAJU,MAJU,"('TANAH LUAS', 100)"
ACEH UTARA,TANAH LUAS,1111120046,PAYA,6343,4333,6667,5781,TERTINGGAL,TERTINGGAL,"('TANAH LUAS', 100)"
ACEH UTARA,TANAH LUAS,1111120047,RANGKAYA,6514,4167,6667,5783,TERTINGGAL,TERTINGGAL,"('TANAH LUAS', 100)"
ACEH UTARA,TANAH LUAS,1111120049,KEUDE BLANG JRUEN,7429,7667,4667,6587,BERKEMBANG,MAJU,"('TANAH LUAS', 100)"
ACEH UTARA,TANAH LUAS,1111120050,AMPEH,7543,6167,0.6,657,BERKEMBANG,MAJU,"('TANAH LUAS', 100)"
ACEH UTARA,TANAH LUAS,1111120055,ALUE,0.64,6167,5333,5967,TERTINGGAL,TERTINGGAL,"('TANAH LUAS', 100)"
ACEH UTARA,TANAH LUAS,1111120060,SERBA JAMAN,6743,5333,0.6,6025,BERKEMBANG,MAJU,"('TANAH LUAS', 100)"
ACEH UTARA,TANAH LUAS,1111120061,RAYEUK NALEUNG,7486,0.65,6667,6884,BERKEMBANG,MAJU,"('TANAH LUAS', 100)"
ACEH UTARA,TANAH LUAS,1111120062,BLANG BIDOK,7086,0.5,5333,5806,TERTINGGAL,TERTINGGAL,"('TANAH LUAS', 100)"
ACEH UTARA,TANAH LUAS,1111120063,PUNTI PULO AGAM,6743,0.5,5333,5692,TERTINGGAL,TERTINGGAL,"('TANAH LUAS', 100)"
ACEH UTARA,TANAH LUAS,1111120064,TEUNGOH PULO AGAM,6914,5167,5333,5805,TERTINGGAL,TERTINGGAL,"('TANAH LUAS', 100)"
ACEH UTARA,TANAH LUAS,1111120065,RAWA,6629,0.5,5333,5654,TERTINGGAL,TERTINGGAL,"('TANAH LUAS', 100)"
ACEH UTARA,TANAH LUAS,1111120066,MATANG BEN,7143,0.5,0.6,6048,BERKEMBANG,MAJU,"('TANAH LUAS', 100)"
ACEH UTARA,TANAH LUAS,1111120067,UJONG BAROH BERGHANG,0.6,5167,4667,5278,TERTINGGAL,TERTINGGAL,"('TANAH LUAS', 100)"
ACEH UTARA,TANAH LUAS,1111120068,MANYANG TUNONG,6571,4667,0.6,5746,TERTINGGAL,TERTINGGAL,"('TANAH LUAS', 100)"
ACEH UTARA,TANAH LUAS,1111120069,ALUE PANGKAT,6457,5667,5333,5819,TERTINGGAL,TERTINGGAL,"('TANAH LUAS', 100)"
ACEH UTARA,TANAH LUAS,1111120070,PULO BLANG,5429,4167,0.6,5198,TERTINGGAL,TERTINGGAL,"('TANAH LUAS', 100)"
ACEH UTARA,TANAH LUAS,1111120072,HUENG,0.72,0.5,0.6,6067,BERKEMBANG,MAJU,"('TANAH LUAS', 100)"
ACEH UTARA,TANAH LUAS,1111120073,DENG,0.72,4833,0.6,6011,BERKEMBANG,MAJU,"('TANAH LUAS', 100)"
ACEH UTARA,TANAH LUAS,1111120074,PAYA BEURANDANG,7486,5667,0.6,6384,BERKEMBANG,MAJU,"('TANAH LUAS', 100)"
ACEH UTARA,TANAH LUAS,1111120075,PULO U,6514,0.45,4667,5227,TERTINGGAL,TERTINGGAL,"('TANAH LUAS', 100)"
ACEH UTARA,TANAH LUAS,1111120076,ALUE KEUJRUEN,6571,0.45,6667,5913,TERTINGGAL,TERTINGGAL,"('TANAH LUAS', 100)"
ACEH UTARA,TANAH LUAS,1111120077,BUKET MAKARTI,0.44,2667,4667,3911,SANGAT TERTINGGAL,TERTINGGAL,"('TANAH LUAS', 100)"
ACEH UTARA,NIBONG,1111121001,BUMBAN,5486,3667,6667,5273,TERTINGGAL,TERTINGGAL,"('NIBONG', 100)"
ACEH UTARA,NIBONG,1111121002,ALUE NGOM,5486,4167,6667,544,TERTINGGAL,TERTINGGAL,"('NIBONG', 100)"
ACEH UTARA,NIBONG,1111121003,ALUE PANAH,6057,0.4,6667,5575,TERTINGGAL,TERTINGGAL,"('NIBONG', 100)"
ACEH UTARA,NIBONG,1111121004,ALUE IE MIRAH,5657,0.4,6667,5441,TERTINGGAL,TERTINGGAL,"('NIBONG', 100)"
ACEH UTARA,NIBONG,1111121005,MADDI,4629,4333,6667,521,TERTINGGAL,TERTINGGAL,"('NIBONG', 100)"
ACEH UTARA,NIBONG,1111121006,TANJONG PUTOH,6171,4167,0.6,5446,TERTINGGAL,TERTINGGAL,"('NIBONG', 100)"
ACEH UTARA,NIBONG,1111121007,SEULUNYOK,5886,0.5,6667,5851,TERTINGGAL,TERTINGGAL,"('NIBONG', 100)"
ACEH UTARA,NIBONG,1111121008,RANTO,5657,4833,6667,5719,TERTINGGAL,TERTINGGAL,"('NIBONG', 100)"
ACEH UTARA,NIBONG,1111121010,KEULILEE,7429,5333,2667,5143,TERTINGGAL,TERTINGGAL,"('NIBONG', 100)"
ACEH UTARA,NIBONG,1111121011,PAYA TERBANG,7371,4833,5333,5846,TERTINGGAL,TERTINGGAL,"('NIBONG', 100)"
ACEH UTARA,NIBONG,1111121013,MAMPLAM,6286,4167,6667,5706,TERTINGGAL,TERTINGGAL,"('NIBONG', 100)"
ACEH UTARA,NIBONG,1111121015,DAYAH NIBONG,7257,4167,6667,603,BERKEMBANG,MAJU,"('NIBONG', 100)"
ACEH UTARA,NIBONG,1111121016,TEUPIN JOK,5486,4333,0.4,4606,SANGAT TERTINGGAL,TERTINGGAL,"('NIBONG', 100)"
ACEH UTARA,NIBONG,1111121017,KEUPOK NIBONG,6914,3167,6667,5583,TERTINGGAL,TERTINGGAL,"('NIBONG', 100)"
ACEH UTARA,NIBONG,1111121018,KEUDE NIBONG,4857,5167,6667,5563,TERTINGGAL,TERTINGGAL,"('NIBONG', 100)"
ACEH UTARA,NIBONG,1111121020,NIBONG BAROH,6686,0.5,4667,5451,TERTINGGAL,TERTINGGAL,"('NIBONG', 100)"
ACEH UTARA,SAMUDERA,1111130001,KITOU,6114,5833,0.6,5983,TERTINGGAL,TERTINGGAL,"('SAMUDERA', 100)"
ACEH UTARA,SAMUDERA,1111130002,PAYA TERBANG,5886,0.45,6667,5684,TERTINGGAL,TERTINGGAL,"('SAMUDERA', 100)"
ACEH UTARA,SAMUDERA,1111130003,TANJONG MESJID,6171,5333,0.6,5835,TERTINGGAL,TERTINGGAL,"('SAMUDERA', 100)"
ACEH UTARA,SAMUDERA,1111130004,TANJONG AWE,6114,3667,0.6,526,TERTINGGAL,TERTINGGAL,"('SAMUDERA', 100)"
ACEH UTARA,SAMUDERA,1111130006,TANJONG HAGU,5943,0.5,0.6,5648,TERTINGGAL,TERTINGGAL,"('SAMUDERA', 100)"
ACEH UTARA,SAMUDERA,1111130007,MADAN,6286,3667,0.6,5317,TERTINGGAL,TERTINGGAL,"('SAMUDERA', 100)"
ACEH UTARA,SAMUDERA,1111130008,TANJONG BAROH,5257,0.35,0.6,4919,TERTINGGAL,TERTINGGAL,"('SAMUDERA', 100)"
ACEH UTARA,SAMUDERA,1111130009,GAMPONG BARO,6114,5333,0.6,5816,TERTINGGAL,TERTINGGAL,"('SAMUDERA', 100)"
ACEH UTARA,SAMUDERA,1111130010,TANJONG KLENG,0.64,0.45,0.6,5633,TERTINGGAL,TERTINGGAL,"('SAMUDERA', 100)"
ACEH UTARA,SAMUDERA,1111130012,TEUPIN BEULANGAN,7886,0.7,0.6,6962,BERKEMBANG,MAJU,"('SAMUDERA', 100)"
ACEH UTARA,SAMUDERA,1111130013,TEUPIN ARA,5886,4667,4667,5073,TERTINGGAL,TERTINGGAL,"('SAMUDERA', 100)"
ACEH UTARA,SAMUDERA,1111130014,PUSONG,7086,4833,0.6,5973,TERTINGGAL,TERTINGGAL,"('SAMUDERA', 100)"
ACEH UTARA,SAMUDERA,1111130015,MANCANG,7486,0.55,4667,5884,TERTINGGAL,TERTINGGAL,"('SAMUDERA', 100)"
ACEH UTARA,SAMUDERA,1111130016,BLANG KABU,6629,0.5,5333,5654,TERTINGGAL,TERTINGGAL,"('SAMUDERA', 100)"
ACEH UTARA,SAMUDERA,1111130017,KEUDE GEUDONG,7371,7167,6667,7068,BERKEMBANG,MAJU,"('SAMUDERA', 100)"
ACEH UTARA,SAMUDERA,1111130018,BLANG PEURIA,7257,0.65,0.6,6586,BERKEMBANG,MAJU,"('SAMUDERA', 100)"
ACEH UTARA,SAMUDERA,1111130020,MURONG,0.76,4833,4667,0.57,TERTINGGAL,TERTINGGAL,"('SAMUDERA', 100)"
ACEH UTARA,SAMUDERA,1111130021,PIE,6857,4167,6667,5897,TERTINGGAL,TERTINGGAL,"('SAMUDERA', 100)"
ACEH UTARA,SAMUDERA,1111130023,BEURINGEN,6857,0.55,0.4,5452,TERTINGGAL,TERTINGGAL,"('SAMUDERA', 100)"
ACEH UTARA,SAMUDERA,1111130024,KUTA KRUENG,7029,0.4,6667,5898,TERTINGGAL,TERTINGGAL,"('SAMUDERA', 100)"
ACEH UTARA,SAMUDERA,1111130025,KUTA GLUMPANG,0.64,4333,6667,0.58,TERTINGGAL,TERTINGGAL,"('SAMUDERA', 100)"
ACEH UTARA,SAMUDERA,1111130026,MEUCAT,6343,3833,6667,5614,TERTINGGAL,TERTINGGAL,"('SAMUDERA', 100)"
ACEH UTARA,SAMUDERA,1111130028,UJONG,7486,4167,0.6,5884,TERTINGGAL,TERTINGGAL,"('SAMUDERA', 100)"
ACEH UTARA,SAMUDERA,1111130029,MESJID,6514,3833,0.6,5449,TERTINGGAL,TERTINGGAL,"('SAMUDERA', 100)"
ACEH UTARA,SAMUDERA,1111130030,TEUNGOH,7029,4833,0.6,5954,TERTINGGAL,TERTINGGAL,"('SAMUDERA', 100)"
ACEH UTARA,SAMUDERA,1111130031,PUUK,5886,0.35,5333,4906,SANGAT TERTINGGAL,TERTINGGAL,"('SAMUDERA', 100)"
ACEH UTARA,SAMUDERA,1111130032,PULO,6629,4167,6667,5821,TERTINGGAL,TERTINGGAL,"('SAMUDERA', 100)"
ACEH UTARA,SAMUDERA,1111130033,LAGA BARO,6686,4167,0.6,5617,TERTINGGAL,TERTINGGAL,"('SAMUDERA', 100)"
ACEH UTARA,SAMUDERA,1111130034,MATANG TUNONG,6514,0.25,6667,5227,TERTINGGAL,TERTINGGAL,"('SAMUDERA', 100)"
ACEH UTARA,SAMUDERA,1111130036,MATANG PUNTONG,6514,5333,0.6,5949,TERTINGGAL,TERTINGGAL,"('SAMUDERA', 100)"
ACEH UTARA,SAMUDERA,1111130037,LANCANG,6343,3833,6667,5614,TERTINGGAL,TERTINGGAL,"('SAMUDERA', 100)"
ACEH UTARA,SAMUDERA,1111130038,MATANG ULIM,5429,3167,0.6,4865,SANGAT TERTINGGAL,TERTINGGAL,"('SAMUDERA', 100)"
ACEH UTARA,SAMUDERA,1111130039,SAWANG,4971,0.4,0.6,499,TERTINGGAL,TERTINGGAL,"('SAMUDERA', 100)"
ACEH UTARA,SAMUDERA,1111130040,BLANG NIBONG,0.6,4167,5333,5167,TERTINGGAL,TERTINGGAL,"('SAMUDERA', 100)"
ACEH UTARA,SYAMTALIRA ARON,1111140001,TANJONG KRUENG PASE,7143,5833,0.6,6325,BERKEMBANG,MAJU,"('SYAMTALIRA ARON', 100)"
ACEH UTARA,SYAMTALIRA ARON,1111140002,MATANG MUNYE,0.72,0.5,7333,6511,BERKEMBANG,MAJU,"('SYAMTALIRA ARON', 100)"
ACEH UTARA,SYAMTALIRA ARON,1111140003,BLANG,6743,0.6,0.6,6248,BERKEMBANG,MAJU,"('SYAMTALIRA ARON', 100)"
ACEH UTARA,SYAMTALIRA ARON,1111140005,MEE ARON,6857,4833,6667,6119,BERKEMBANG,MAJU,"('SYAMTALIRA ARON', 100)"
ACEH UTARA,SYAMTALIRA ARON,1111140006,MEURIA ARON,7657,5167,0.6,6275,BERKEMBANG,MAJU,"('SYAMTALIRA ARON', 100)"
ACEH UTARA,SYAMTALIRA ARON,1111140008,KANOT,7771,5667,6667,6702,BERKEMBANG,MAJU,"('SYAMTALIRA ARON', 100)"
ACEH UTARA,SYAMTALIRA ARON,1111140009,DAYAH ARON,8171,4333,8667,7057,BERKEMBANG,MAJU,"('SYAMTALIRA ARON', 100)"
ACEH UTARA,SYAMTALIRA ARON,1111140010,MONCRANG,7657,0.55,6667,6608,BERKEMBANG,MAJU,"('SYAMTALIRA ARON', 100)"
ACEH UTARA,SYAMTALIRA ARON,1111140011,KEUDE ARON,7086,0.55,6667,6417,BERKEMBANG,MAJU,"('SYAMTALIRA ARON', 100)"
ACEH UTARA,SYAMTALIRA ARON,1111140012,TEUNGOH,6857,5833,0.6,623,BERKEMBANG,MAJU,"('SYAMTALIRA ARON', 100)"
ACEH UTARA,SYAMTALIRA ARON,1111140013,KUMBANG,7257,5833,0.6,6363,BERKEMBANG,MAJU,"('SYAMTALIRA ARON', 100)"
ACEH UTARA,SYAMTALIRA ARON,1111140014,CIBREK TUNONG,7029,0.55,0.6,6176,BERKEMBANG,MAJU,"('SYAMTALIRA ARON', 100)"
ACEH UTARA,SYAMTALIRA ARON,1111140015,MEUCAT,0.84,6167,0.6,6856,BERKEMBANG,MAJU,"('SYAMTALIRA ARON', 100)"
ACEH UTARA,SYAMTALIRA ARON,1111140017,CALONG,6971,6167,7333,6824,BERKEMBANG,MAJU,"('SYAMTALIRA ARON', 100)"
ACEH UTARA,SYAMTALIRA ARON,1111140018,MANYANG BAROH,7314,5333,0.6,6216,BERKEMBANG,MAJU,"('SYAMTALIRA ARON', 100)"
ACEH UTARA,SYAMTALIRA ARON,1111140019,ALUE GUNTO,6743,5333,6667,6248,BERKEMBANG,MAJU,"('SYAMTALIRA ARON', 100)"
ACEH UTARA,SYAMTALIRA ARON,1111140020,PEURUPOK,7086,6667,7333,7029,BERKEMBANG,MAJU,"('SYAMTALIRA ARON', 100)"
ACEH UTARA,SYAMTALIRA ARON,1111140021,PULO,7657,5667,0.6,6441,BERKEMBANG,MAJU,"('SYAMTALIRA ARON', 100)"
ACEH UTARA,SYAMTALIRA ARON,1111140022,TANJONG MULIENG,7486,3167,8667,644,BERKEMBANG,MAJU,"('SYAMTALIRA ARON', 100)"
ACEH UTARA,SYAMTALIRA ARON,1111140023,CIBREK BAROH,7943,5667,0.6,6537,BERKEMBANG,MAJU,"('SYAMTALIRA ARON', 100)"
ACEH UTARA,SYAMTALIRA ARON,1111140024,MESJID,7486,6167,5333,6329,BERKEMBANG,MAJU,"('SYAMTALIRA ARON', 100)"
ACEH UTARA,SYAMTALIRA ARON,1111140025,PANTE,8343,0.55,0.6,6614,BERKEMBANG,MAJU,"('SYAMTALIRA ARON', 100)"
ACEH UTARA,SYAMTALIRA ARON,1111140026,KEUTAPANG,6914,0.6,0.6,6305,BERKEMBANG,MAJU,"('SYAMTALIRA ARON', 100)"
ACEH UTARA,SYAMTALIRA ARON,1111140027,KEUDE TEUPIN PUNTI,7371,4333,8667,679,BERKEMBANG,MAJU,"('SYAMTALIRA ARON', 100)"
ACEH UTARA,SYAMTALIRA ARON,1111140028,AWE,0.8,0.6,0.6,6667,BERKEMBANG,MAJU,"('SYAMTALIRA ARON', 100)"
ACEH UTARA,SYAMTALIRA ARON,1111140029,HAGU,7314,4333,0.6,5883,TERTINGGAL,TERTINGGAL,"('SYAMTALIRA ARON', 100)"
ACEH UTARA,SYAMTALIRA ARON,1111140030,ARA,7429,0.45,0.8,6643,BERKEMBANG,MAJU,"('SYAMTALIRA ARON', 100)"
ACEH UTARA,SYAMTALIRA ARON,1111140031,MAMPREE,7143,0.5,0.6,6048,BERKEMBANG,MAJU,"('SYAMTALIRA ARON', 100)"
ACEH UTARA,SYAMTALIRA ARON,1111140032,AMPEH,7029,4667,6667,6121,BERKEMBANG,MAJU,"('SYAMTALIRA ARON', 100)"
ACEH UTARA,SYAMTALIRA ARON,1111140033,DAYAH MEURIA,6457,5167,6667,6097,BERKEMBANG,MAJU,"('SYAMTALIRA ARON', 100)"
ACEH UTARA,SYAMTALIRA ARON,1111140034,KULAM,7714,4667,0.6,6127,BERKEMBANG,MAJU,"('SYAMTALIRA ARON', 100)"
ACEH UTARA,TANAH PASIR,1111150001,ALUE,5543,0.25,7333,5125,TERTINGGAL,TERTINGGAL,"('TANAH PASIR', 100)"
ACEH UTARA,TANAH PASIR,1111150002,KEUDE MATANG PANYANG,8229,6833,6667,7243,MAJU,MAJU,"('TANAH PASIR', 100)"
ACEH UTARA,TANAH PASIR,1111150003,BLANG,5486,2833,6667,4995,TERTINGGAL,TERTINGGAL,"('TANAH PASIR', 100)"
ACEH UTARA,TANAH PASIR,1111150005,PALOH,7029,5833,2667,5176,TERTINGGAL,TERTINGGAL,"('TANAH PASIR', 100)"
ACEH UTARA,TANAH PASIR,1111150006,PRIE,0.68,3167,0.6,5322,TERTINGGAL,TERTINGGAL,"('TANAH PASIR', 100)"
ACEH UTARA,TANAH PASIR,1111150007,ME MERBO,6629,4333,0.6,5654,TERTINGGAL,TERTINGGAL,"('TANAH PASIR', 100)"
ACEH UTARA,TANAH PASIR,1111150008,ULEE TANOH,7143,5667,0.6,627,BERKEMBANG,MAJU,"('TANAH PASIR', 100)"
ACEH UTARA,TANAH PASIR,1111150015,KEUTAPANG,6971,2667,6667,5435,TERTINGGAL,TERTINGGAL,"('TANAH PASIR', 100)"
ACEH UTARA,TANAH PASIR,1111150016,KUMBANG,6857,2833,6667,5452,TERTINGGAL,TERTINGGAL,"('TANAH PASIR', 100)"
ACEH UTARA,TANAH PASIR,1111150018,CANGGUEK,5429,3833,0.6,5087,TERTINGGAL,TERTINGGAL,"('TANAH PASIR', 100)"
ACEH UTARA,TANAH PASIR,1111150019,KEUDE JRAT MANYANG,0.68,6167,5333,0.61,BERKEMBANG,MAJU,"('TANAH PASIR', 100)"
ACEH UTARA,TANAH PASIR,1111150020,TEUPIN GAPEUH,7257,4667,0.6,5975,TERTINGGAL,TERTINGGAL,"('TANAH PASIR', 100)"
ACEH UTARA,TANAH PASIR,1111150021,CIBREK,7371,0.4,0.6,579,TERTINGGAL,TERTINGGAL,"('TANAH PASIR', 100)"
ACEH UTARA,TANAH PASIR,1111150024,MATANG JANENG,5943,3167,0.6,5037,TERTINGGAL,TERTINGGAL,"('TANAH PASIR', 100)"
ACEH UTARA,LAPANG,1111151002,LUENG BARO,7086,5667,0.4,5584,TERTINGGAL,TERTINGGAL,"('LAPANG', 100)"
ACEH UTARA,LAPANG,1111151003,MERBO LAMA,0.68,4333,4667,5267,TERTINGGAL,TERTINGGAL,"('LAPANG', 100)"
ACEH UTARA,LAPANG,1111151004,MERBO JURONG,6229,4833,0.6,5687,TERTINGGAL,TERTINGGAL,"('LAPANG', 100)"
ACEH UTARA,LAPANG,1111151006,GEULANGGANG BARO,6171,4167,5333,5224,TERTINGGAL,TERTINGGAL,"('LAPANG', 100)"
ACEH UTARA,LAPANG,1111151007,MATANG TUNONG,7371,4667,6667,6235,BERKEMBANG,MAJU,"('LAPANG', 100)"
ACEH UTARA,LAPANG,1111151008,MATANG BAROH,7086,4833,0.6,5973,TERTINGGAL,TERTINGGAL,"('LAPANG', 100)"
ACEH UTARA,LAPANG,1111151009,KEUDE LAPANG,7257,0.55,0.8,6919,BERKEMBANG,MAJU,"('LAPANG', 100)"
ACEH UTARA,MUARA BATU,1111160001,TEUPIN BANJA,6514,4667,0.6,5727,TERTINGGAL,TERTINGGAL,"('MUARA BATU', 100)"
ACEH UTARA,MUARA BATU,1111160002,PANIGAH,6743,4167,6667,5859,TERTINGGAL,TERTINGGAL,"('MUARA BATU', 100)"
ACEH UTARA,MUARA BATU,1111160003,PALOH AWE,6171,0.4,0.6,539,TERTINGGAL,TERTINGGAL,"('MUARA BATU', 100)"
ACEH UTARA,MUARA BATU,1111160005,REULEUT BARAT,6514,5167,0.6,5894,TERTINGGAL,TERTINGGAL,"('MUARA BATU', 100)"
ACEH UTARA,MUARA BATU,1111160006,PINTO MAKMUR,7086,4667,5333,5695,TERTINGGAL,TERTINGGAL,"('MUARA BATU', 100)"
ACEH UTARA,MUARA BATU,1111160008,PALOH RAYA,7486,5167,4667,5773,TERTINGGAL,TERTINGGAL,"('MUARA BATU', 100)"
ACEH UTARA,MUARA BATU,1111160009,MEUNASAH PINTO,0.64,3833,0.6,5411,TERTINGGAL,TERTINGGAL,"('MUARA BATU', 100)"
ACEH UTARA,MUARA BATU,1111160010,KUALA DUA,6971,0.5,8667,6879,BERKEMBANG,MAJU,"('MUARA BATU', 100)"
ACEH UTARA,MUARA BATU,1111160011,KEUDE MANE,7086,0.6,0.6,6362,BERKEMBANG,MAJU,"('MUARA BATU', 100)"
ACEH UTARA,MUARA BATU,1111160012,MANE TUNONG,0.92,0.7,0.8,8067,MAJU,MAJU,"('MUARA BATU', 100)"
ACEH UTARA,MUARA BATU,1111160013,PANTE GURAH,7029,5333,8667,701,BERKEMBANG,MAJU,"('MUARA BATU', 100)"
ACEH UTARA,MUARA BATU,1111160014,KAMBAM,7257,0.6,0.6,6419,BERKEMBANG,MAJU,"('MUARA BATU', 100)"
ACEH UTARA,MUARA BATU,1111160015,KEUDE BUNGKAIH,7086,0.65,5333,6306,BERKEMBANG,MAJU,"('MUARA BATU', 100)"
ACEH UTARA,MUARA BATU,1111160016,ULEE MADON,6514,6667,4667,5949,TERTINGGAL,TERTINGGAL,"('MUARA BATU', 100)"
ACEH UTARA,MUARA BATU,1111160017,MEUNASAH ARON,5429,0.55,4667,5198,TERTINGGAL,TERTINGGAL,"('MUARA BATU', 100)"
ACEH UTARA,MUARA BATU,1111160018,COT TRUENG,6114,0.5,6667,5927,TERTINGGAL,TERTINGGAL,"('MUARA BATU', 100)"
ACEH UTARA,MUARA BATU,1111160019,DAKUTA,0.6,4833,6667,5833,TERTINGGAL,TERTINGGAL,"('MUARA BATU', 100)"
ACEH UTARA,MUARA BATU,1111160020,MEUNASAH DRANG,6457,4833,6667,5986,TERTINGGAL,TERTINGGAL,"('MUARA BATU', 100)"
ACEH UTARA,MUARA BATU,1111160021,MEUNASAH BARO,6229,0.4,6667,5632,TERTINGGAL,TERTINGGAL,"('MUARA BATU', 100)"
ACEH UTARA,MUARA BATU,1111160022,MEUNASAH LHOK,6629,5667,6667,6321,BERKEMBANG,MAJU,"('MUARA BATU', 100)"
ACEH UTARA,MUARA BATU,1111160023,COT SEURANI,7714,0.4,9333,7016,BERKEMBANG,MAJU,"('MUARA BATU', 100)"
ACEH UTARA,DEWANTARA,1111170001,PALOH IGEUH,0.56,0.55,6667,5922,TERTINGGAL,TERTINGGAL,"('DEWANTARA', 100)"
ACEH UTARA,DEWANTARA,1111170002,PALOH GADENG,6114,5167,6667,5983,TERTINGGAL,TERTINGGAL,"('DEWANTARA', 100)"
ACEH UTARA,DEWANTARA,1111170003,TAMBON TUNONG,6457,5667,0.6,6041,BERKEMBANG,MAJU,"('DEWANTARA', 100)"
ACEH UTARA,DEWANTARA,1111170004,TAMBON BAROH,6571,7833,0.6,6802,BERKEMBANG,MAJU,"('DEWANTARA', 100)"
ACEH UTARA,DEWANTARA,1111170005,PALOH LADA,7771,5667,0.6,6479,BERKEMBANG,MAJU,"('DEWANTARA', 100)"
ACEH UTARA,DEWANTARA,1111170006,PULO RUNGKOM,6971,5667,0.6,6213,BERKEMBANG,MAJU,"('DEWANTARA', 100)"
ACEH UTARA,DEWANTARA,1111170007,ULEE PULO,5771,0.55,6667,5979,TERTINGGAL,TERTINGGAL,"('DEWANTARA', 100)"
ACEH UTARA,DEWANTARA,1111170008,ULEE REULEUNG,0.64,0.55,0.6,5967,TERTINGGAL,TERTINGGAL,"('DEWANTARA', 100)"
ACEH UTARA,DEWANTARA,1111170009,LANCANG BARAT,6629,4833,0.6,5821,TERTINGGAL,TERTINGGAL,"('DEWANTARA', 100)"
ACEH UTARA,DEWANTARA,1111170010,GEULUMPANG SULU BARAT,6343,4833,6667,5948,TERTINGGAL,TERTINGGAL,"('DEWANTARA', 100)"
ACEH UTARA,DEWANTARA,1111170012,UTEUN GEULINGGANG,5943,6167,0.6,6037,BERKEMBANG,MAJU,"('DEWANTARA', 100)"
ACEH UTARA,DEWANTARA,1111170013,KEUDE KRUENG GEUKUEH,7886,8833,4667,7129,MAJU,MAJU,"('DEWANTARA', 100)"
ACEH UTARA,DEWANTARA,1111170014,BANGKA JAYA,6514,5333,0.6,5949,TERTINGGAL,TERTINGGAL,"('DEWANTARA', 100)"
ACEH UTARA,DEWANTARA,1111170015,BLUKA TEUBAI,6857,5333,5333,5841,TERTINGGAL,TERTINGGAL,"('DEWANTARA', 100)"
ACEH UTARA,BAKTIYA,1111100067,ALUE ANOE TIMU,7486,4167,0.6,5884,TERTINGGAL,TERTINGGAL,"('BAKTIYA', 100)"
ACEH UTARA,BAKTIYA,1111100068,ALUE ANOE BARAT,6686,4333,0.6,5673,TERTINGGAL,TERTINGGAL,"('BAKTIYA', 100)"
ACEH UTARA,BAKTIYA,1111100076,MATANG KELAYU,0.68,4667,0.6,5822,TERTINGGAL,TERTINGGAL,"('BAKTIYA', 100)"
ACEH UTARA,BAKTIYA,1111100015,KEUDE MENJEE IV,5886,6333,6667,6295,BERKEMBANG,MAJU,"('BAKTIYA', 100)"
ACEH UTARA,BAKTIYA,1111100024,GLUMPANG BUNGKOK,5543,4833,0.6,5459,TERTINGGAL,TERTINGGAL,"('BAKTIYA', 100)"
ACEH UTARA,BAKTIYA,1111100028,GLUMPANG SAMLAKOE,6171,4167,0.6,5446,TERTINGGAL,TERTINGGAL,"('BAKTIYA', 100)"
ACEH UTARA,BAKTIYA,1111100006,MON SUKON,6514,0.45,6667,5894,TERTINGGAL,TERTINGGAL,"('BAKTIYA', 100)"
ACEH UTARA,BAKTIYA,1111100012,LUENG BATA,6343,5167,0.6,5837,TERTINGGAL,TERTINGGAL,"('BAKTIYA', 100)"
ACEH UTARA,BAKTIYA,1111100010,CEUMPEUDAK,5371,0.35,0.6,4957,TERTINGGAL,TERTINGGAL,"('BAKTIYA', 100)"
ACEH UTARA,DEWANTARA,1111170011,GEULUMPANG SULU TIMU,6914,5167,0.6,6027,BERKEMBANG,MAJU,"('DEWANTARA', 100)"
ACEH UTARA,KUTA MAKMUR,1111030017,MEUNASAH BUKET,7943,0.65,0.6,6814,BERKEMBANG,MAJU,"('KUTA MAKMUR', 100)"
ACEH UTARA,KUTA MAKMUR,1111030034,COT RHEU,6971,0.5,6667,6213,BERKEMBANG,MAJU,"('KUTA MAKMUR', 100)"
ACEH UTARA,KUTA MAKMUR,1111030012,ALUE RAMBEE,5257,0.5,6667,5641,TERTINGGAL,TERTINGGAL,"('KUTA MAKMUR', 100)"
ACEH UTARA,KUTA MAKMUR,1111030040,MEURIA,5943,5167,6667,5925,TERTINGGAL,TERTINGGAL,"('KUTA MAKMUR', 100)"
ACEH UTARA,KUTA MAKMUR,1111030042,MULING MANYANG,0.72,0.4,0.6,5733,TERTINGGAL,TERTINGGAL,"('KUTA MAKMUR', 100)"
ACEH UTARA,KUTA MAKMUR,1111030043,MULING MEUCAT,6971,4333,4667,5324,TERTINGGAL,TERTINGGAL,"('KUTA MAKMUR', 100)"
ACEH UTARA,LHOKSUKON,1111110055,MEUNASAH REUDEUP,6914,4333,4667,5305,TERTINGGAL,TERTINGGAL,"('LHOKSUKON', 100)"
ACEH UTARA,LHOKSUKON,1111110040,MEUNASAH BLANG,0.68,0.55,7333,6544,BERKEMBANG,MAJU,"('LHOKSUKON', 100)"
ACEH UTARA,LHOKSUKON,1111110057,BUKET SEUNTANG,4914,3167,0.6,4694,SANGAT TERTINGGAL,TERTINGGAL,"('LHOKSUKON', 100)"
ACEH UTARA,LHOKSUKON,1111110074,MEUNASAH LEUBOK AB,0.68,6333,2667,5267,TERTINGGAL,TERTINGGAL,"('LHOKSUKON', 100)"
ACEH UTARA,LHOKSUKON,1111110062,COT GLUMPANG AB,6686,4667,5333,5562,TERTINGGAL,TERTINGGAL,"('LHOKSUKON', 100)"
ACEH UTARA,LHOKSUKON,1111110063,ABEUK LEUPON,6857,0.45,0.6,5786,TERTINGGAL,TERTINGGAL,"('LHOKSUKON', 100)"
ACEH UTARA,LHOKSUKON,1111110070,RAMBOT,6057,4667,0.6,5575,TERTINGGAL,TERTINGGAL,"('LHOKSUKON', 100)"
ACEH UTARA,LHOKSUKON,1111110018,MEUNASAH ASAN LB,6914,0.5,7333,6416,BERKEMBANG,MAJU,"('LHOKSUKON', 100)"
ACEH UTARA,LHOKSUKON,1111110046,MEUNASAH ULEE BARAT,6686,0.4,6667,5784,TERTINGGAL,TERTINGGAL,"('LHOKSUKON', 100)"
ACEH UTARA,LHOKSUKON,1111110067,MEUNASAH RANTO,6857,0.65,0.6,6452,BERKEMBANG,MAJU,"('LHOKSUKON', 100)"
ACEH UTARA,LHOKSUKON,1111110037,MATANG MUNJEE,7657,4167,0.6,5941,TERTINGGAL,TERTINGGAL,"('LHOKSUKON', 100)"
ACEH UTARA,LHOKSUKON,1111110021,MEUNASAH MEUREUBO,6514,5333,0.6,5949,TERTINGGAL,TERTINGGAL,"('LHOKSUKON', 100)"
ACEH UTARA,LHOKSUKON,1111110013,MEUNASAH DAYAH LT,0.64,0.5,4667,5356,TERTINGGAL,TERTINGGAL,"('LHOKSUKON', 100)"
ACEH UTARA,LHOKSUKON,1111110015,MEUNASAH TUHA,5429,2333,5333,4365,SANGAT TERTINGGAL,TERTINGGAL,"('LHOKSUKON', 100)"
ACEH UTARA,LHOKSUKON,1111110014,MEUNASAH KRUENG LT,7086,0.5,0.6,6029,BERKEMBANG,MAJU,"('LHOKSUKON', 100)"
ACEH UTARA,LHOKSUKON,1111110020,BABAH GEUDEUBANG,6971,0.5,0.6,599,BERKEMBANG,MAJU,"('LHOKSUKON', 100)"
ACEH UTARA,LHOKSUKON,1111110025,GRONG-GRONG,7143,0.55,3333,5325,TERTINGGAL,TERTINGGAL,"('LHOKSUKON', 100)"
ACEH UTARA,LHOKSUKON,1111110034,MEUNASAH NGA LT,5657,4667,4667,4997,TERTINGGAL,TERTINGGAL,"('LHOKSUKON', 100)"
ACEH UTARA,LHOKSUKON,1111110010,MEUNASAH MEURIA,6114,4333,0.6,5483,TERTINGGAL,TERTINGGAL,"('LHOKSUKON', 100)"
ACEH UTARA,LHOKSUKON,1111110024,SENEUBOK DALAM,5943,0.45,5333,5259,TERTINGGAL,TERTINGGAL,"('LHOKSUKON', 100)"
ACEH UTARA,LHOKSUKON,1111110002,BULOH LT,5371,4333,0.6,5235,TERTINGGAL,TERTINGGAL,"('LHOKSUKON', 100)"
ACEH UTARA,LHOKSUKON,1111110044,MEUNASAH TEUNGOH LT,6514,5333,0.6,5949,TERTINGGAL,TERTINGGAL,"('LHOKSUKON', 100)"
ACEH UTARA,LHOKSUKON,1111110012,BUKET MEE LT,4914,3333,0.4,4083,SANGAT TERTINGGAL,TERTINGGAL,"('LHOKSUKON', 100)"
ACEH UTARA,MATANGKULI,1111060098,KEUDE MATANGKULI,7314,7333,0.6,6883,BERKEMBANG,MAJU,"('MATANGKULI', 100)"
ACEH UTARA,MATANGKULI,1111060097,BLANG MATANGKULI,0.68,0.55,0.6,0.61,BERKEMBANG,MAJU,"('MATANGKULI', 100)"
ACEH UTARA,MATANGKULI,1111060103,RAYEUK MATANGKULI,6857,0.45,0.6,5786,TERTINGGAL,TERTINGGAL,"('MATANGKULI', 100)"
ACEH UTARA,MATANGKULI,1111060102,TUMPOK PERLAK,6629,5833,5333,5932,TERTINGGAL,TERTINGGAL,"('MATANGKULI', 100)"
ACEH UTARA,MATANGKULI,1111060089,TANJONG TEUNGKU ALI,7029,0.35,0.6,551,TERTINGGAL,TERTINGGAL,"('MATANGKULI', 100)"
ACEH UTARA,MATANGKULI,1111060101,RAYEUK GLANG GLONG,6686,5667,5333,5895,TERTINGGAL,TERTINGGAL,"('MATANGKULI', 100)"
ACEH UTARA,MATANGKULI,1111060107,PUNTI GEULUMPANG VII,6229,2667,0.6,4965,TERTINGGAL,TERTINGGAL,"('MATANGKULI', 100)"
ACEH UTARA,MATANGKULI,1111060108,GEULUMPANG VII,6514,0.3,6667,5394,TERTINGGAL,TERTINGGAL,"('MATANGKULI', 100)"
ACEH UTARA,MATANGKULI,1111060109,TEUNGOH GLUMPANG VII,6286,0.35,7333,5706,TERTINGGAL,TERTINGGAL,"('MATANGKULI', 100)"
ACEH UTARA,MATANGKULI,1111060110,ARON GEULUMPANG VII,0.56,0.5,6667,5756,TERTINGGAL,TERTINGGAL,"('MATANGKULI', 100)"
ACEH UTARA,MATANGKULI,1111060094,PARANG SIKUREUNG,0.68,4833,6667,0.61,BERKEMBANG,MAJU,"('MATANGKULI', 100)"
ACEH UTARA,MATANGKULI,1111060099,PUNTI MATANGKULI,6686,3833,0.6,5506,TERTINGGAL,TERTINGGAL,"('MATANGKULI', 100)"
ACEH UTARA,MATANGKULI,1111060106,JEUMPA GEULUMPANG VII,0.6,4167,6667,5611,TERTINGGAL,TERTINGGAL,"('MATANGKULI', 100)"
ACEH UTARA,MATANGKULI,1111060091,MEURIA MATANGKULI,6971,0.5,0.6,599,BERKEMBANG,MAJU,"('MATANGKULI', 100)"
ACEH UTARA,MATANGKULI,1111060066,BEURINGEN PIRAK,6571,4333,0.6,5635,TERTINGGAL,TERTINGGAL,"('MATANGKULI', 100)"
ACEH UTARA,MATANGKULI,1111060038,BLANG SUPENG,5086,0.35,6667,5084,TERTINGGAL,TERTINGGAL,"('MATANGKULI', 100)"
ACEH UTARA,MATANGKULI,1111060048,BEURANCAN PIRAK,6057,4333,0.8,613,BERKEMBANG,MAJU,"('MATANGKULI', 100)"
ACEH UTARA,MATANGKULI,1111060072,TANJONG TEUNGKU KARI,6686,4167,5333,5395,TERTINGGAL,TERTINGGAL,"('MATANGKULI', 100)"
ACEH UTARA,MATANGKULI,1111060057,KUNYET MULEE,5657,4333,0.6,533,TERTINGGAL,TERTINGGAL,"('MATANGKULI', 100)"
ACEH UTARA,MUARA BATU,1111160024,TANOH ANOE,7886,0.6,9333,774,MAJU,MAJU,"('MUARA BATU', 100)"
ACEH UTARA,MUARA BATU,1111160007,TEUMPOK BEURANDANG,5886,4833,0.6,5573,TERTINGGAL,TERTINGGAL,"('MUARA BATU', 100)"
ACEH UTARA,MUARA BATU,1111160004,REULEUT TIMU,6743,4333,6667,5914,TERTINGGAL,TERTINGGAL,"('MUARA BATU', 100)"
ACEH UTARA,MEURAH MULIA,1111050050,RHENG BLUEK,6114,5333,5333,5594,TERTINGGAL,TERTINGGAL,"('MEURAH MULIA', 100)"
ACEH UTARA,MEURAH MULIA,1111050036,RANGKILEH,0.76,3667,6667,5978,TERTINGGAL,TERTINGGAL,"('MEURAH MULIA', 100)"
ACEH UTARA,MEURAH MULIA,1111050041,TANJONG,7086,4167,6667,5973,TERTINGGAL,TERTINGGAL,"('MEURAH MULIA', 100)"
ACEH UTARA,MEURAH MULIA,1111050037,TEUMPOK TEUNGKU,0.6,0.4,6667,5556,TERTINGGAL,TERTINGGAL,"('MEURAH MULIA', 100)"
ACEH UTARA,MEURAH MULIA,1111050020,PAYA KAMBUK,6114,0.4,6667,5594,TERTINGGAL,TERTINGGAL,"('MEURAH MULIA', 100)"
ACEH UTARA,MEURAH MULIA,1111050028,MEUNASAH MEE,6971,0.45,6667,6046,BERKEMBANG,MAJU,"('MEURAH MULIA', 100)"
ACEH UTARA,MEURAH MULIA,1111050032,KEEH,6057,0.35,6667,5408,TERTINGGAL,TERTINGGAL,"('MEURAH MULIA', 100)"
ACEH UTARA,MEURAH MULIA,1111050027,MESJID,6914,4833,6667,6138,BERKEMBANG,MAJU,"('MEURAH MULIA', 100)"
ACEH UTARA,MEURAH MULIA,1111050012,UJUNG KUTA BATEE,6743,5333,6667,6248,BERKEMBANG,MAJU,"('MEURAH MULIA', 100)"
ACEH UTARA,MEURAH MULIA,1111050001,BAREE BLANG,6343,0.25,3333,4059,SANGAT TERTINGGAL,TERTINGGAL,"('MEURAH MULIA', 100)"
ACEH UTARA,SAMUDERA,1111130019,ASAN,6514,5333,0.6,5949,TERTINGGAL,TERTINGGAL,"('SAMUDERA', 100)"
ACEH UTARA,SAMUDERA,1111130011,KRUENG BARO LANGGAHAN,7086,0.35,5333,5306,TERTINGGAL,TERTINGGAL,"('SAMUDERA', 100)"
ACEH UTARA,SAMUDERA,1111130027,KRUENG BARO BLANG MEE,6057,0.45,5333,5297,TERTINGGAL,TERTINGGAL,"('SAMUDERA', 100)"
ACEH UTARA,SAMUDERA,1111130035,KEUDE BLANG MEE PULO KLAT,6286,4667,0.6,5651,TERTINGGAL,TERTINGGAL,"('SAMUDERA', 100)"
ACEH UTARA,SAMUDERA,1111130005,TANJONG REUNGKAM,6343,0.4,0.6,5448,TERTINGGAL,TERTINGGAL,"('SAMUDERA', 100)"
ACEH UTARA,SAMUDERA,1111130022,KRUENG MATEE,6457,0.4,6667,5708,TERTINGGAL,TERTINGGAL,"('SAMUDERA', 100)"
ACEH UTARA,SEUNUDDON,1111090004,TANJONG PINENG,7086,4667,0.6,5917,TERTINGGAL,TERTINGGAL,"('SEUNUDDON', 100)"
ACEH UTARA,SEUNUDDON,1111090002,MEURUBO PUNTONG,6457,4333,6667,5819,TERTINGGAL,TERTINGGAL,"('SEUNUDDON', 100)"
ACEH UTARA,SEUNUDDON,1111090031,ULEE RUBEK TIMU,6514,0.5,6667,606,BERKEMBANG,MAJU,"('SEUNUDDON', 100)"
ACEH UTARA,BAKTIYA,1111100074,PULO SEUKEE,5886,0.45,0.6,5462,TERTINGGAL,TERTINGGAL,"('BAKTIYA', 100)"
ACEH UTARA,SYAMTALIRA ARON,1111140004,GLOK,7371,6833,6667,6957,BERKEMBANG,MAJU,"('SYAMTALIRA ARON', 100)"
ACEH UTARA,SYAMTALIRA ARON,1111140007,GAMPONG U,6571,0.5,8667,6746,BERKEMBANG,MAJU,"('SYAMTALIRA ARON', 100)"
ACEH UTARA,SYAMTALIRA ARON,1111140016,DAYA TEUNGKU,0.76,6667,0.6,6756,BERKEMBANG,MAJU,"('SYAMTALIRA ARON', 100)"
ACEH UTARA,SYAMTALIRA BAYU,1111040029,GARUT,7543,4833,0.6,6125,BERKEMBANG,MAJU,"('SYAMTALIRA BAYU', 100)"
ACEH UTARA,SYAMTALIRA BAYU,1111040013,COT NEUHEUN,6686,4667,6667,6006,BERKEMBANG,MAJU,"('SYAMTALIRA BAYU', 100)"
ACEH UTARA,SYAMTALIRA BAYU,1111040015,ALEN,0.72,5833,0.6,6344,BERKEMBANG,MAJU,"('SYAMTALIRA BAYU', 100)"
ACEH UTARA,SYAMTALIRA BAYU,1111040020,SEUNEUBOK BARO,5486,0.35,0.6,4995,TERTINGGAL,TERTINGGAL,"('SYAMTALIRA BAYU', 100)"
ACEH UTARA,TANAH LUAS,1111120071,MATANG CIBREK,6914,0.55,0.6,6138,BERKEMBANG,MAJU,"('TANAH LUAS', 100)"
ACEH UTARA,TANAH LUAS,1111120054,MEUNASAH TUTONG,0.64,4667,4667,5244,TERTINGGAL,TERTINGGAL,"('TANAH LUAS', 100)"
ACEH UTARA,TANAH LUAS,1111120059,TEUNGKU DIBALEE,7429,5667,5333,6143,BERKEMBANG,MAJU,"('TANAH LUAS', 100)"
ACEH UTARA,TANAH LUAS,1111120057,JEUMPA BERGHANG,0.56,0.5,5333,5311,TERTINGGAL,TERTINGGAL,"('TANAH LUAS', 100)"
ACEH UTARA,TANAH LUAS,1111120056,TEUNGOH BERGHANG,7086,5667,0.6,6251,BERKEMBANG,MAJU,"('TANAH LUAS', 100)"
ACEH UTARA,TANAH LUAS,1111120058,PANTE BERGHANG,0.52,4833,5333,5122,TERTINGGAL,TERTINGGAL,"('TANAH LUAS', 100)"
ACEH UTARA,TANAH LUAS,1111120048,RAYEUK MUNYE,7714,4833,0.6,6183,BERKEMBANG,MAJU,"('TANAH LUAS', 100)"
ACEH UTARA,TANAH LUAS,1111120032,CIBREK,6971,4667,0.6,5879,TERTINGGAL,TERTINGGAL,"('TANAH LUAS', 100)"
ACEH UTARA,TANAH LUAS,1111120024,TEUPIN MEE,0.6,4333,5333,5222,TERTINGGAL,TERTINGGAL,"('TANAH LUAS', 100)"
ACEH UTARA,TANAH LUAS,1111120018,PUNTI SEULEUMAK BARAT,6057,0.4,0.6,5352,TERTINGGAL,TERTINGGAL,"('TANAH LUAS', 100)"
ACEH UTARA,TANAH LUAS,1111120017,LEUHONG,0.64,4667,6667,5911,TERTINGGAL,TERTINGGAL,"('TANAH LUAS', 100)"
ACEH UTARA,TANAH PASIR,1111150017,MEE MATANG PANYANG,0.6,0.3,6667,5222,TERTINGGAL,TERTINGGAL,"('TANAH PASIR', 100)"
ACEH UTARA,TANAH PASIR,1111150004,GAMPONG PANDE,7543,4833,4667,5681,TERTINGGAL,TERTINGGAL,"('TANAH PASIR', 100)"
ACEH UTARA,TANAH PASIR,1111150009,MATANG RANUP LASEH,6686,0.45,0.6,5729,TERTINGGAL,TERTINGGAL,"('TANAH PASIR', 100)"
ACEH UTARA,TANAH PASIR,1111150029,KUALA KEUREUTOU BARAT,7486,4167,0.6,5884,TERTINGGAL,TERTINGGAL,"('TANAH PASIR', 100)"
ACEH UTARA,T. JAMBO AYE,1111080059,TEUPIN GAJAH,6114,5833,6667,6205,BERKEMBANG,MAJU,
ACEH UTARA,T. JAMBO AYE,1111080070,GEULUMPANG UMPUNG UNOU,5657,0.5,6667,5775,TERTINGGAL,TERTINGGAL,
ACEH UTARA,T. JAMBO AYE,1111080069,RANTO PANYANG,0.64,4833,0.6,5744,TERTINGGAL,TERTINGGAL,
ACEH UTARA,T. JAMBO AYE,1111080068,SEUNEUBOK DOE,5314,5333,6667,5771,TERTINGGAL,TERTINGGAL,
ACEH UTARA,T. JAMBO AYE,1111080066,MEUNASAH GEUDONG,5886,4667,6667,574,TERTINGGAL,TERTINGGAL,
ACEH UTARA,T. JAMBO AYE,1111080067,MEUNASAH MERBO,5829,5333,6667,5943,TERTINGGAL,TERTINGGAL,
ACEH UTARA,T. JAMBO AYE,1111080060,TANJONG MEUNYE,5771,4333,6667,559,TERTINGGAL,TERTINGGAL,
ACEH UTARA,T. JAMBO AYE,1111080061,MATANG JURONG,5657,4667,6667,5663,TERTINGGAL,TERTINGGAL,
ACEH UTARA,T. JAMBO AYE,1111080062,TANJONG DALAM UTARA,5943,5167,6667,5925,TERTINGGAL,TERTINGGAL,
ACEH UTARA,T. JAMBO AYE,1111080065,MEUNASAH DAYAH,5543,0.5,6667,5737,TERTINGGAL,TERTINGGAL,
ACEH UTARA,T. JAMBO AYE,1111080064,SEUNEUBOK PIDIE,5543,4167,0.6,5237,TERTINGGAL,TERTINGGAL,
ACEH UTARA,T. JAMBO AYE,1111080063,TANJONG MENUANG,6457,4167,6667,5763,TERTINGGAL,TERTINGGAL,
ACEH UTARA,T. JAMBO AYE,1111080030,MATANG TEUNGOH-TEUNGOH,5657,0.45,6667,5608,TERTINGGAL,TERTINGGAL,
ACEH UTARA,T. JAMBO AYE,1111080035,LHOK REUDEUP,5657,4833,6667,5719,TERTINGGAL,TERTINGGAL,
ACEH UTARA,T. JAMBO AYE,1111080033,LHOK MERBO,5714,4833,6667,5738,TERTINGGAL,TERTINGGAL,
ACEH UTARA,T. JAMBO AYE,1111080039,TANJONG ARA,6114,5167,6667,5983,TERTINGGAL,TERTINGGAL,
ACEH UTARA,T. JAMBO AYE,1111080037,ALUE IE MIRAH,7086,5833,0.8,6973,BERKEMBANG,MAJU,
ACEH UTARA,T. JAMBO AYE,1111080038,TANJONG PUNTI,5143,4167,6667,5325,TERTINGGAL,TERTINGGAL,
ACEH UTARA,T. JAMBO AYE,1111080034,BUKIT ALUE PUTEH,6629,0.45,6667,5932,TERTINGGAL,TERTINGGAL,
ACEH UTARA,T. JAMBO AYE,1111080024,BUKET JRAT MANYANG,5829,5167,6667,5887,TERTINGGAL,TERTINGGAL,
ACEH UTARA,T. JAMBO AYE,1111080036,MATANG MANEH,5657,4833,6667,5719,TERTINGGAL,TERTINGGAL,
ACEH UTARA,T. JAMBO AYE,1111080028,PUCOK ALUE,5086,4667,6667,5473,TERTINGGAL,TERTINGGAL,
ACEH UTARA,T. JAMBO AYE,1111080029,MATANG SERDANG,5771,0.55,0.6,5757,TERTINGGAL,TERTINGGAL,
ACEH UTARA,T. JAMBO AYE,1111080040,MATANG SANTOT,5829,0.45,0.6,5443,TERTINGGAL,TERTINGGAL,
ACEH UTARA,T. JAMBO AYE,1111080031,BUKET PADANG,6114,5167,6667,5983,TERTINGGAL,TERTINGGAL,
ACEH UTARA,T. JAMBO AYE,1111080026,MATANG SEUKE PULOT,0.68,0.45,6667,5989,TERTINGGAL,TERTINGGAL,
ACEH UTARA,T. JAMBO AYE,1111080032,LHOK BEURINGEN,6343,0.45,6667,5837,TERTINGGAL,TERTINGGAL,
ACEH UTARA,T. JAMBO AYE,1111080027,LUENG TUHA,0.68,0.45,6667,5989,TERTINGGAL,TERTINGGAL,
ACEH UTARA,T. JAMBO AYE,1111080025,MATANG RAYA,5829,4667,6667,5721,TERTINGGAL,TERTINGGAL,
ACEH UTARA,T. JAMBO AYE,1111080057,TANJONG CEUNGAI,5943,4833,5333,537,TERTINGGAL,TERTINGGAL,
ACEH UTARA,T. JAMBO AYE,1111080058,TEUPIN BAYU,5486,3833,0.6,5106,TERTINGGAL,TERTINGGAL,
ACEH UTARA,T. JAMBO AYE,1111080056,MEUNASAH PANTON LABU,6571,5833,5333,5913,TERTINGGAL,TERTINGGAL,
ACEH UTARA,T. JAMBO AYE,1111080055,KOTA PANTON LABU,6686,8333,0.6,7006,BERKEMBANG,MAJU,
ACEH UTARA,T. JAMBO AYE,1111080054,RAWANG ITEK,0.72,5667,0.6,6289,BERKEMBANG,MAJU,
ACEH UTARA,T. JAMBO AYE,1111080053,SAMAKUROK,6914,5833,6667,6471,BERKEMBANG,MAJU,
ACEH UTARA,T. JAMBO AYE,1111080048,BIARA BARAT,6229,4833,6667,591,TERTINGGAL,TERTINGGAL,
ACEH UTARA,T. JAMBO AYE,1111080049,BIARA TIMUR,0.64,0.45,0.6,5633,TERTINGGAL,TERTINGGAL,
ACEH UTARA,T. JAMBO AYE,1111080050,MATANG DRIEN,6743,4667,4667,5359,TERTINGGAL,TERTINGGAL,
ACEH UTARA,T. JAMBO AYE,1111080051,CEUMPEUDAK,0.72,0.6,6667,6622,BERKEMBANG,MAJU,
ACEH UTARA,T. JAMBO AYE,1111080052,ALUE PAPEUN,6171,5167,0.6,5779,TERTINGGAL,TERTINGGAL,
ACEH UTARA,T. JAMBO AYE,1111080047,LHOK BINTANG HU,6171,4833,0.6,5668,TERTINGGAL,TERTINGGAL,
ACEH UTARA,T. JAMBO AYE,1111080044,BIRAM RAYEUK,5829,4333,6667,561,TERTINGGAL,TERTINGGAL,
ACEH UTARA,T. JAMBO AYE,1111080045,COT BIEK,6114,4333,6667,5705,TERTINGGAL,TERTINGGAL,
ACEH UTARA,T. JAMBO AYE,1111080046,MATANG ARONGAN,6171,4333,6667,5724,TERTINGGAL,TERTINGGAL,
ACEH UTARA,T. JAMBO AYE,1111080043,BIRAM CUT,5486,5167,6667,5773,TERTINGGAL,TERTINGGAL,
ACEH UTARA,T. JAMBO AYE,1111080042,BUKET BATEE BADAN,5829,3667,0.6,5165,TERTINGGAL,TERTINGGAL,
ACEH UTARA,T. JAMBO AYE,1111080041,ULEE GLEE,5657,4667,0.6,5441,TERTINGGAL,TERTINGGAL,
ACEH UTARA,SAWANG,1111010037,GLE DAGANG,6971,4833,0.6,5935,TERTINGGAL,TERTINGGAL,"('SAWANG', 100)"
ACEH UTARA,SAWANG,1111010033,COT KUMUNENG,6286,3333,4667,4762,SANGAT TERTINGGAL,TERTINGGAL,"('SAWANG', 100)"
ACEH UTARA,NISAM,1111020025,MEUNASAH MEUCAT,6514,6167,0.6,6227,BERKEMBANG,MAJU,"('NISAM', 100)"
ACEH UTARA,NISAM,1111020027,COT MEE,6229,4167,0.6,5465,TERTINGGAL,TERTINGGAL,"('NISAM', 100)"
ACEH UTARA,COT GIREK,1111070003,LHOK MEURBO,7029,0.4,4667,5232,TERTINGGAL,TERTINGGAL,"('COT GIREK', 100)"
ACEH UTARA,COT GIREK,1111070004,KP. BANTAN,6171,0.3,0.6,5057,TERTINGGAL,TERTINGGAL,"('COT GIREK', 100)"
ACEH UTARA,COT GIREK,1111070007,KP. TEMPEL,6971,3167,0.6,5379,TERTINGGAL,TERTINGGAL,"('COT GIREK', 100)"
ACEH UTARA,COT GIREK,1111070019,CEMPEUDAK,5943,0.3,6667,5203,TERTINGGAL,TERTINGGAL,"('COT GIREK', 100)"
ACEH UTARA,COT GIREK,1111070018,U BARO.,6686,0.5,0.6,5895,TERTINGGAL,TERTINGGAL,"('COT GIREK', 100)"
ACEH UTARA,COT GIREK,1111070014,GAMPONG ARA,6114,4167,0.6,5427,TERTINGGAL,TERTINGGAL,"('COT GIREK', 100)"
ACEH UTARA,LANGKAHAN,1111081011,MATANG TEUNGOH SELATAN,4686,3833,0.6,484,SANGAT TERTINGGAL,TERTINGGAL,"('LANGKAHAN', 100)"
ACEH UTARA,LANGKAHAN,1111081001,LUBOK PUSAKA,4229,3667,0.2,3298,SANGAT TERTINGGAL,TERTINGGAL,"('LANGKAHAN', 100)"
ACEH UTARA,BAKTIYA BARAT,1111101015,KEUDE SAMPOINIET,0.76,7667,6667,7311,MAJU,MAJU,"('BAKTIYA BARAT', 100)"
ACEH UTARA,BAKTIYA BARAT,1111101024,BLANG RHEUE,5314,0.4,5333,4883,SANGAT TERTINGGAL,TERTINGGAL,"('BAKTIYA BARAT', 100)"
ACEH UTARA,PAYA BAKONG,1111061023,TGK. DIBANDA PIRAK,5886,4333,0.6,5406,TERTINGGAL,TERTINGGAL,"('PAYA BAKONG', 100)"
ACEH UTARA,PAYA BAKONG,1111061018,KEBON PIRAK,5829,2667,5333,461,SANGAT TERTINGGAL,TERTINGGAL,"('PAYA BAKONG', 100)"
ACEH UTARA,PAYA BAKONG,1111061007,ULUE BIENG,6743,4167,0.6,5637,TERTINGGAL,TERTINGGAL,"('PAYA BAKONG', 100)"
ACEH UTARA,PAYA BAKONG,1111061030,TANJONG BURUNYONG,6114,0.3,0.6,5038,TERTINGGAL,TERTINGGAL,"('PAYA BAKONG', 100)"
ACEH UTARA,PAYA BAKONG,1111061011,GAMPONG NGA,5257,0.35,0.6,4919,TERTINGGAL,TERTINGGAL,"('PAYA BAKONG', 100)"
ACEH UTARA,PAYA BAKONG,1111061013,TANJUNG DRIEN,0.68,5167,0.6,5989,TERTINGGAL,TERTINGGAL,"('PAYA BAKONG', 100)"
ACEH UTARA,PAYA BAKONG,1111061016,TGK. DIBANDA TEK-TEK,7086,4833,0.6,5973,TERTINGGAL,TERTINGGAL,"('PAYA BAKONG', 100)"
ACEH UTARA,PAYA BAKONG,1111061014,COT TEUFAH,0.56,2833,6667,5033,TERTINGGAL,TERTINGGAL,"('PAYA BAKONG', 100)"
ACEH UTARA,NIBONG,1111121019,NIBONG WAKHEUH,7429,0.55,0.6,631,BERKEMBANG,MAJU,"('NIBONG', 100)"
ACEH UTARA,NIBONG,1111121012,SUMBOK RAYEUK,7314,0.5,4667,566,TERTINGGAL,TERTINGGAL,"('NIBONG', 100)"
ACEH UTARA,NIBONG,1111121009,MEUNYE LHEE,0.64,4833,6667,5967,TERTINGGAL,TERTINGGAL,"('NIBONG', 100)"
ACEH UTARA,NIBONG,1111121014,KEH NIBONG,6686,0.35,6667,5617,TERTINGGAL,TERTINGGAL,"('NIBONG', 100)"
ACEH UTARA,SIMPANG KRAMAT,1111031009,KEUDE SIMPANG EMPAT,0.76,5333,0.6,6311,BERKEMBANG,MAJU,"('SIMPANG KERAMAT', 97)"
ACEH UTARA,SIMPANG KRAMAT,1111031008,SEUNEUBOK PUNTI,6743,0.4,0.6,5581,TERTINGGAL,TERTINGGAL,"('SIMPANG KERAMAT', 97)"
ACEH UTARA,SIMPANG KRAMAT,1111031016,PAYA LEUPAH,0.68,0.4,5333,5378,TERTINGGAL,TERTINGGAL,"('SIMPANG KERAMAT', 97)"
ACEH UTARA,SIMPANG KRAMAT,1111031015,PAYA TEUNGOH,6686,0.45,6667,5951,TERTINGGAL,TERTINGGAL,"('SIMPANG KERAMAT', 97)"
ACEH UTARA,SIMPANG KRAMAT,1111031005,KEUBON BARO,6343,0.4,6667,567,TERTINGGAL,TERTINGGAL,"('SIMPANG KERAMAT', 97)"
ACEH UTARA,SIMPANG KRAMAT,1111031012,MEUNASAH TEUNGOH,6457,3167,0.6,5208,TERTINGGAL,TERTINGGAL,"('SIMPANG KERAMAT', 97)"
ACEH UTARA,SIMPANG KRAMAT,1111031011,MEUNASAH BAROH,0.68,0.4,5333,5378,TERTINGGAL,TERTINGGAL,"('SIMPANG KERAMAT', 97)"
ACEH UTARA,SIMPANG KRAMAT,1111031013,MANCANG,6514,3333,0.6,5283,TERTINGGAL,TERTINGGAL,"('SIMPANG KERAMAT', 97)"
ACEH UTARA,SIMPANG KRAMAT,1111031014,ALUE BADEE,0.64,3333,4667,0.48,SANGAT TERTINGGAL,TERTINGGAL,"('SIMPANG KERAMAT', 97)"
ACEH UTARA,SIMPANG KRAMAT,1111031004,MEUNASAH DAYAH SPK,6743,3667,5333,5248,TERTINGGAL,TERTINGGAL,"('SIMPANG KERAMAT', 97)"
ACEH UTARA,SIMPANG KRAMAT,1111031003,KILOMETER VI,5429,3833,8667,5976,TERTINGGAL,TERTINGGAL,"('SIMPANG KERAMAT', 97)"
ACEH UTARA,SIMPANG KRAMAT,1111031002,KILOMETER VIII,0.64,4167,0.6,5522,TERTINGGAL,TERTINGGAL,"('SIMPANG KERAMAT', 97)"
ACEH UTARA,SIMPANG KRAMAT,1111031006,IE TAREK I,6286,4333,0.6,554,TERTINGGAL,TERTINGGAL,"('SIMPANG KERAMAT', 97)"
ACEH UTARA,SIMPANG KRAMAT,1111031007,IE TAREK II,6686,0.3,0.6,5229,TERTINGGAL,TERTINGGAL,"('SIMPANG KERAMAT', 97)"
ACEH UTARA,SIMPANG KRAMAT,1111031001,PASE SENTOSA,6857,0.45,4667,5341,TERTINGGAL,TERTINGGAL,"('SIMPANG KERAMAT', 97)"
ACEH UTARA,SIMPANG KRAMAT,1111031010,BLANG RALEUE,6571,5167,6667,6135,BERKEMBANG,MAJU,"('SIMPANG KERAMAT', 97)"
ACEH UTARA,LAPANG,1111151001,KEUREUTOU,0.68,5333,0.8,6711,BERKEMBANG,MAJU,"('LAPANG', 100)"
ACEH UTARA,LAPANG,1111151005,TANJONG DAMA,6686,0.6,5333,6006,BERKEMBANG,MAJU,"('LAPANG', 100)"
ACEH UTARA,LAPANG,1111151011,KUALA KEREUTO,7257,3667,5333,5419,TERTINGGAL,TERTINGGAL,"('LAPANG', 100)"
ACEH UTARA,LAPANG,1111151010,KUALA CANGKOY,7429,7333,0.6,6921,BERKEMBANG,MAJU,"('LAPANG', 100)"
ACEH UTARA,PIRAK TIMUR,1111062019,RAYEUK PANGE,7486,0.5,4667,5717,TERTINGGAL,TERTINGGAL,"('PIRAK TIMU', 95)"
ACEH UTARA,PIRAK TIMUR,1111062020,BUNGONG,3943,3667,0.6,4537,SANGAT TERTINGGAL,TERTINGGAL,"('PIRAK TIMU', 95)"
ACEH UTARA,PIRAK TIMUR,1111062021,GEULUMPANG,5771,3167,2667,3868,SANGAT TERTINGGAL,TERTINGGAL,"('PIRAK TIMU', 95)"
ACEH UTARA,PIRAK TIMUR,1111062022,ASAN KRUENG KREH,4229,2833,0.6,4354,SANGAT TERTINGGAL,TERTINGGAL,"('PIRAK TIMU', 95)"
ACEH UTARA,PIRAK TIMUR,1111062023,BEURACAN RATA,0.44,2833,5333,4189,SANGAT TERTINGGAL,TERTINGGAL,"('PIRAK TIMU', 95)"
ACEH UTARA,PIRAK TIMUR,1111062011,REUNGKAM,4743,0.35,3333,3859,SANGAT TERTINGGAL,TERTINGGAL,"('PIRAK TIMU', 95)"
ACEH UTARA,PIRAK TIMUR,1111062016,TRIENG KRUENG KREH,4457,3833,3333,3875,SANGAT TERTINGGAL,TERTINGGAL,"('PIRAK TIMU', 95)"
ACEH UTARA,PIRAK TIMUR,1111062010,KEUTAPANG,5314,4667,3333,4438,SANGAT TERTINGGAL,TERTINGGAL,"('PIRAK TIMU', 95)"
ACEH UTARA,PIRAK TIMUR,1111062009,BILI BARO,5714,0.5,5333,5349,TERTINGGAL,TERTINGGAL,"('PIRAK TIMU', 95)"
ACEH UTARA,PIRAK TIMUR,1111062003,PAYA LUENG JALO,6171,4833,6667,589,TERTINGGAL,TERTINGGAL,"('PIRAK TIMU', 95)"
ACEH UTARA,PIRAK TIMUR,1111062002,ALUE RIMEE,5829,3667,6667,5387,TERTINGGAL,TERTINGGAL,"('PIRAK TIMU', 95)"
ACEH UTARA,PIRAK TIMUR,1111062004,SERDANG,5771,3667,0.8,5813,TERTINGGAL,TERTINGGAL,"('PIRAK TIMU', 95)"
ACEH UTARA,PIRAK TIMUR,1111062008,ARA TON-TON MONCRANG,5771,0.4,0.6,5257,TERTINGGAL,TERTINGGAL,"('PIRAK TIMU', 95)"
ACEH UTARA,PIRAK TIMUR,1111062001,TANJONG SEUREUKUY,5257,3833,0.6,503,TERTINGGAL,TERTINGGAL,"('PIRAK TIMU', 95)"
ACEH UTARA,PIRAK TIMUR,1111062005,ULEE BLANG,5429,5667,6667,5921,TERTINGGAL,TERTINGGAL,"('PIRAK TIMU', 95)"
ACEH UTARA,PIRAK TIMUR,1111062018,KRUENG PIRAK,5886,0.5,5333,5406,TERTINGGAL,TERTINGGAL,"('PIRAK TIMU', 95)"
ACEH UTARA,PIRAK TIMUR,1111062017,MATANG KEH,6514,4833,0.6,5783,TERTINGGAL,TERTINGGAL,"('PIRAK TIMU', 95)"
ACEH UTARA,PIRAK TIMUR,1111062015,LEUPE,0.64,0.55,4667,5522,TERTINGGAL,TERTINGGAL,"('PIRAK TIMU', 95)"
ACEH UTARA,PIRAK TIMUR,1111062014,CEUMEUCET,0.6,0.35,0.6,5167,TERTINGGAL,TERTINGGAL,"('PIRAK TIMU', 95)"
ACEH UTARA,PIRAK TIMUR,1111062012,TEUPIN U,5714,3333,0.6,5016,TERTINGGAL,TERTINGGAL,"('PIRAK TIMU', 95)"
ACEH UTARA,PIRAK TIMUR,1111062013,ALUE BUNGKOH,5886,0.55,0.6,5795,TERTINGGAL,TERTINGGAL,"('PIRAK TIMU', 95)"
ACEH UTARA,PIRAK TIMUR,1111062007,PUCOK ALUE,6114,0.45,0.6,5538,TERTINGGAL,TERTINGGAL,"('PIRAK TIMU', 95)"
ACEH UTARA,PIRAK TIMUR,1111062006,MEUNYE TUJOH,6286,0.35,5333,504,TERTINGGAL,TERTINGGAL,"('PIRAK TIMU', 95)"
ACEH UTARA,GEUREDONG PASE,1111041010,LHOK ASAN,6971,0.45,3333,4935,TERTINGGAL,TERTINGGAL,"('GEUREUDONG PASE', 97)"
ACEH UTARA,GEUREDONG PASE,1111041011,DARUL AMAN,0.6,5333,0.4,5111,TERTINGGAL,TERTINGGAL,"('GEUREUDONG PASE', 97)"
ACEH UTARA,GEUREDONG PASE,1111041009,ALUE AWE,0.72,5833,4667,0.59,TERTINGGAL,TERTINGGAL,"('GEUREUDONG PASE', 97)"
ACEH UTARA,GEUREDONG PASE,1111041008,DARUSSALAM,6971,0.4,0.4,499,TERTINGGAL,TERTINGGAL,"('GEUREUDONG PASE', 97)"
ACEH UTARA,GEUREDONG PASE,1111041007,RAYEUK JAWA,7886,5167,2667,524,TERTINGGAL,TERTINGGAL,"('GEUREUDONG PASE', 97)"
ACEH UTARA,GEUREDONG PASE,1111041004,DAYAH SEUPENG,7143,6667,4667,6159,BERKEMBANG,MAJU,"('GEUREUDONG PASE', 97)"
ACEH UTARA,GEUREDONG PASE,1111041005,URAM JALAN,6914,5167,2667,4916,TERTINGGAL,TERTINGGAL,"('GEUREUDONG PASE', 97)"
ACEH UTARA,GEUREDONG PASE,1111041006,PEUDARI,7257,0.55,4667,5808,TERTINGGAL,TERTINGGAL,"('GEUREUDONG PASE', 97)"
ACEH UTARA,GEUREDONG PASE,1111041003,KRUENG MBANG,6514,4667,4667,5283,TERTINGGAL,TERTINGGAL,"('GEUREUDONG PASE', 97)"
ACEH UTARA,GEUREDONG PASE,1111041002,PULO MEURIA,6629,5667,5333,5876,TERTINGGAL,TERTINGGAL,"('GEUREUDONG PASE', 97)"
ACEH UTARA,GEUREDONG PASE,1111041001,SUKA DAMAI,7943,6667,5333,6648,BERKEMBANG,MAJU,"('GEUREUDONG PASE', 97)"
ACEH UTARA,BANDA BARO,1111022002,ALUE KEURINYAI,6629,3333,8667,621,BERKEMBANG,MAJU,"('BANDA BARO', 100)"
ACEH UTARA,BANDA BARO,1111022009,PAYA BEUNYET,7314,3167,7333,5938,TERTINGGAL,TERTINGGAL,"('BANDA BARO', 100)"